well_plate,r,alpha,nitrate_concentration,population
B02_1,1.3386793618324504,0.03908547325076109,5,25
B02_10,1.5236993789764073,0.009670855589369419,40,25
B02_11,1.2483787482698807,0.001406848697801369,40,28
B02_12,1.5093556744800132,0.010043783550171992,40,15
B02_13,1.7118521342708,0.007926967793195575,60,25
B02_14,1.6724526237647739,0.00882008056309791,60,28
B02_15,1.9423159028885362,0.009870081547694805,60,15
B02_16,1.981885771803687,0.005114149340403961,80,25
B02_17,1.9440499037161874,0.003583364181698371,80,28
B02_18,1.7671237739127605,0.004544072855572171,80,15
B02_19,1.8715571421376118,0.004584130761307701,100,25
B02_2,1.2320672308674208,0.0260030026912593,5,28
B02_20,1.4917046514730719,0.0024356073651031042,100,28
B02_21,2.3505450153076946,0.004064850699413609,100,15
B02_22,2.175714263953721,0.0020085753754604543,400,25
B02_23,1.8529464287990742,0.0015190477658327543,400,28
B02_24,1.8750586697192824,0.002385629717373814,400,15
B02_25,1.7870703683361735,0.0017213401836889894,600,25
B02_26,1.908248349349537,0.0010711477365382663,600,28
B02_27,2.5247426442737164,0.004948586511181509,600,15
B02_28,1.7140754703695444,0.0010553690909242456,1000,25
B02_29,1.907077843217687,0.0021282347547082405,1000,28
B02_3,0.2519932407410284,3.549082685580194e-4,5,15
B02_30,1.791074938807736,0.001735911003494863,1000,15
B02_4,1.5884657010224177,0.035695063341013265,10,25
B02_5,1.7357615418169936,0.02929165017983224,10,28
B02_6,0.7957606206633728,0.02683252016203171,10,15
B02_7,1.2362892526631026,0.01323175931051394,20,25
B02_8,0.7878338101476053,1e-7,20,28
B02_9,1.4735183973200927,0.020150341736904467,20,15
B03_1,0.7234163010593466,0.01739421169424244,5,19
B03_10,0.9757026790185634,0.003616125447839683,40,19
B03_11,1.1650239927865687,0.0056966910088609496,40,4
B03_12,1.809994298310236,0.010130587601406466,40,3
B03_13,1.3883405423354538,0.007742581300283379,60,19
B03_14,1.409730226986498,0.008270573652622862,60,4
B03_15,1.4846487270254514,0.0058290147338403734,60,3
B03_16,1.8259941033389244,0.006609678458401356,80,19
B03_17,1.897974288893512,0.005756869427026143,80,4
B03_18,2.6489777195165716,0.008647230512012364,80,3
B03_19,1.4867382527668074,0.0035252309553793124,100,19
B03_2,0.801741952589569,0.015953945040280134,5,4
B03_20,1.86232869441669,0.005943450440429751,100,4
B03_21,2.2000347079804583,0.00528956231576564,100,3
B03_22,2.014602799629753,0.001796518500553663,400,19
B03_23,2.031501847245561,0.0020142209903102172,400,4
B03_24,1.7274638654278958,0.001749344436272894,400,3
B03_25,1.4724897790768405,6.808171021746264e-4,600,19
B03_26,2.1939832666647274,0.0024056014541749206,600,4
B03_27,1.4945552686973707,0.001745962971237649,600,3
B03_28,1.4969317206601047,6.766292544456107e-4,1000,19
B03_29,1.9225525476666956,0.0021852723684491243,1000,4
B03_3,1.096181287598764,0.027738314228523846,5,3
B03_30,1.9880303946224263,0.0023572681884587903,1000,3
B03_4,1.3523389175280915,0.0389863795471274,10,19
B03_5,0.79343185327458,0.011248164622966132,10,4
B03_6,1.4799684371809414,0.027302514382932814,10,3
B03_7,0.9949023271577457,0.007319960578109169,20,19
B03_8,1.0233019401304266,0.011837320608168436,20,4
B03_9,1.6977599446243692,0.0199961792784081,20,3
B04_1,0.6910438808590046,0.01269520659800491,5,14
B04_10,1.2753070069793362,0.006010566055785684,40,14
B04_11,1.2031399205440876,0.004968485123102228,40,31
B04_12,1.300241105318087,0.010618904816884028,40,cc1690
B04_13,1.4238236053846314,0.006036692166682903,60,14
B04_14,1.709458022068524,0.01067173706557684,60,31
B04_15,1.722506305426485,0.0076979730205259484,60,cc1690
B04_16,1.883718451404328,0.006320511091421547,80,14
B04_17,1.6537689325790423,0.004995490860995828,80,31
B04_18,2.379846144185247,0.007940259765713524,80,cc1690
B04_19,2.0785941265186763,0.006048696761164692,100,14
B04_2,0.8250249295511279,0.017962639455284635,5,31
B04_20,2.3221505632042385,0.005862454946114695,100,31
B04_21,2.3642294805717907,0.006356337524824946,100,cc1690
B04_22,2.2089395243335104,0.003166362162453566,400,14
B04_23,1.816490650087554,0.0017168864124394452,400,31
B04_24,1.667115589532367,0.0020264111872683975,400,cc1690
B04_25,1.3659991368623394,0.0010467841779508162,600,14
B04_26,1.83428875214498,0.0010644577880969852,600,31
B04_27,1.2559673820175317,6.50122955580447e-4,600,cc1690
B04_28,1.413795839269053,7.681716327777571e-4,1000,14
B04_29,1.585071997915721,0.0011519252884084907,1000,31
B04_3,1.083343182265566,0.032898652163221305,5,cc1690
B04_30,1.4794303969741995,0.0021145784142552527,1000,cc1690
B04_4,1.0326435125279043,0.01930559813910289,10,14
B04_5,0.9772946451721191,0.015706588197385584,10,31
B04_6,1.3330200350217225,0.04144723244391647,10,cc1690
B04_7,1.3123824725739783,0.012489350978934359,20,14
B04_8,0.8988525351490939,0.011576495118762239,20,31
B04_9,1.9972788372911492,0.04883902753867315,20,cc1690
B05_1,1.200394910612912,0.008526622856720843,5,8
B05_10,1.1805662983479943,0.0012152753670675543,40,8
B05_11,1.4105157338673622,0.008745565825789118,40,22
B05_12,1.3414424438959878,0.008980231212493759,40,16
B05_13,1.3621010384811894,0.0013047025955394084,60,8
B05_14,1.688545026656503,0.011690205089506066,60,22
B05_15,1.5233141456897783,0.0055306082246637115,60,16
B05_16,1.757416882241634,0.002056537954924872,80,8
B05_17,2.2623204318170163,0.008048474043181358,80,22
B05_18,2.053994698875904,0.006990732664633653,80,16
B05_19,1.7939549134093795,0.00223793295697802,100,8
B05_2,0.662341592942019,0.012820792882874125,5,22
B05_20,1.867133037641239,0.004276909048908167,100,22
B05_21,2.607860829304314,0.006804771581938507,100,16
B05_22,1.3518487104076462,0.0011580815540924302,400,8
B05_23,2.0092831241010645,0.003406026341474173,400,22
B05_24,1.5518946989169233,0.0014775173755042243,400,16
B05_25,1.717309305491861,0.002030017807867567,600,8
B05_26,2.29939364761782,0.00263860506868198,600,22
B05_27,1.3571698492815194,0.0013684679283729594,600,16
B05_28,1.754913926751193,0.001928194297090645,1000,8
B05_29,1.9785077703686909,0.003554913718056516,1000,22
B05_3,1.035707652469972,0.02773168163735326,5,16
B05_30,1.7257510531343123,0.002758206159925155,1000,16
B05_4,1.1956546055100472,0.006073537270349396,10,8
B05_5,1.2081682719134919,0.02502650660937975,10,22
B05_6,1.207700780619064,0.029016887283788054,10,16
B05_7,1.365136905063744,0.004651195884489234,20,8
B05_8,1.2421889898639153,0.019679907391936844,20,22
B05_9,1.8578050400434067,0.04014095380793885,20,16
B06_1,1.5495807518706972,0.06396507506050476,5,23
B06_10,1.535409344066111,0.007852584357694517,40,23
B06_11,1.6001422930305396,0.008599691094508406,40,anc2
B06_12,1.3585863258649924,0.00868130021712428,40,20
B06_13,1.5762590018830824,0.006329766919430484,60,23
B06_14,1.4702054804591915,0.00839608283947675,60,anc2
B06_15,1.3972180422991842,0.005291921667383774,60,20
B06_16,2.242932218613863,0.007516701805357907,80,23
B06_17,1.9911109828842293,0.0065727719205830705,80,anc2
B06_18,2.2354601568404093,0.008547401367494876,80,20
B06_19,1.8581207518577745,0.004764069487869557,100,23
B06_2,0.8939864422908845,0.01898295490814624,5,anc2
B06_20,2.1000508604738517,0.005996503377089068,100,anc2
B06_21,2.526723459085384,0.006673424071984436,100,20
B06_22,2.3904461579069594,0.0031628472755130363,400,23
B06_23,1.5460129737236055,0.0012610929728144153,400,anc2
B06_24,1.623250302064443,0.00169393491022174,400,20
B06_25,1.3367828005513986,0.001398419291278693,600,23
B06_26,2.3362341674377896,0.0025711807311207006,600,anc2
B06_27,2.1512870182152817,0.0024682921838208253,600,20
B06_28,1.593872675629058,0.001955608764873905,1000,23
B06_29,2.130751301705755,0.0037782653995723265,1000,anc2
B06_3,0.7148285019185949,0.01293038081193583,5,20
B06_30,1.5649986200851465,0.001952317636188873,1000,20
B06_4,1.2914163821686628,0.02147273138707143,10,23
B06_5,1.4698467504432589,0.026328040464386745,10,anc2
B06_6,1.223078957210196,0.027033130349462326,10,20
B06_7,1.5777292229091961,0.017527341350386666,20,23
B06_8,0.7940180970759607,0.0041329322381915366,20,anc2
B06_9,1.4445527084638343,0.029164731202770897,20,20
B07_1,1.3533498629270606,0.035938471128101813,5,11
B07_10,1.300786123649229,0.006215458551725263,40,11
B07_11,0.7694229029531162,1e-7,40,27
B07_12,1.4594543182473767,0.010267619671132575,40,anc3
B07_13,1.5329870322124486,0.00571056661774618,60,11
B07_14,0.9975694226877782,1e-7,60,27
B07_15,1.58997061658964,0.006985453833044943,60,anc3
B07_16,2.5613831784425276,0.009787930580059138,80,11
B07_17,2.886863554804471,0.009859404404332063,80,27
B07_18,2.1696548702498992,0.008732517236717668,80,anc3
B07_19,1.7787811655027121,0.004477264501345084,100,anc5
B07_2,0.5156489306429678,1e-7,5,27
B07_20,1.8171253236006208,0.006144345610704137,100,27
B07_21,2.310978994525568,0.005972214604752899,100,anc3
B07_22,2.4502062043248114,0.0034673353317687607,400,11
B07_23,2.1184558620651464,0.0025041370849241693,400,27
B07_24,1.5125118754864744,0.0017737552914114062,400,anc3
B07_25,1.5611472867259504,0.002540334418897484,600,11
B07_26,1.5396715052102339,0.001613925562878365,600,27
B07_27,2.1000664373751263,0.002877239157568413,600,anc3
B07_28,1.7696757832390964,0.003258179179136084,1000,11
B07_29,1.6493133974862069,0.0016178588965110984,1000,27
B07_3,1.0091114776651195,0.023845058825191296,5,anc3
B07_30,1.5479733806816096,0.002291953194146335,1000,anc3
B07_4,1.506161742269533,0.029074374074138865,10,11
B07_5,0.8781263062124839,0.005396153933132984,10,27
B07_6,1.3031557896530601,0.03257428286430917,10,anc3
B07_7,1.3376075696578602,0.013228192558053329,20,11
B07_8,0.7830521874711696,1e-7,20,27
B07_9,1.6571337594406168,0.0347711167257237,20,anc3
B08_1,1.1550949251310616,0.029402585067833942,5,anc5
B08_10,1.293334073535299,0.006315681879709435,40,anc5
B08_11,1.7714318334349641,0.006374415948369685,40,17
B08_12,1.183144607880976,0.005033385249855399,40,7
B08_13,1.4299697527108937,0.005717768398271829,60,anc5
B08_14,1.5144771079202346,0.002192088853724644,60,17
B08_15,1.277192196345624,0.004677707056454132,60,7
B08_16,2.0435713008273133,0.0067746420773310174,80,anc5
B08_17,2.1184377509434906,0.003369410097120224,80,17
B08_18,2.2261836028729647,0.008328778857953575,80,7
B08_19,2.249659024742091,0.00669005040364285,100,11
B08_2,1.441164661634964,0.025527544749544374,5,17
B08_20,1.7616026916690228,0.002481492335347973,100,17
B08_21,2.050447378562589,0.0067497643011776255,100,7
B08_22,2.1174982626525964,0.0035463736955151193,400,anc5
B08_23,1.6403150642288655,0.0012100845710994155,400,17
B08_24,1.3749555981258461,9.837177480414674e-4,400,7
B08_25,1.491772117700399,0.0015320940260086305,600,anc5
B08_26,1.4793409606400374,6.107528754130303e-4,600,17
B08_27,2.07693692095922,0.002500187462565914,600,7
B08_28,1.6345911222810523,0.0018230983672653362,1000,anc5
B08_29,1.641709035948257,0.0013183493646138533,1000,17
B08_3,0.5290825271888087,1.422176775009045e-4,5,7
B08_30,1.4826302535301192,0.0012468819862402794,1000,7
B08_4,1.3811038514977958,0.025195315123981217,10,anc5
B08_5,1.4920477943782138,0.016343219579629645,10,17
B08_6,0.8559809254623233,0.014705464389333943,10,7
B08_7,1.0990506895136423,0.00928190743620842,20,anc5
B08_8,1.7522583352896492,0.007398772260163562,20,17
B08_9,1.4139103955927934,0.01448231935235814,20,7
B09_1,1.2092389631353937,0.03004093706034941,5,1
B09_10,1.2436989706974735,0.004988419983700466,40,1
B09_11,1.3250427729317504,0.007412637938758129,40,26
B09_12,0.9503346624033661,1e-7,40,5
B09_13,1.3217308764759659,0.004736146085026203,60,1
B09_14,1.7769702504042821,0.010105854552864432,60,26
B09_15,1.0388841526122203,1e-7,60,5
B09_16,2.0392808076002704,0.007248841937218859,80,1
B09_17,2.7728684984206757,0.008938574904195916,80,26
B09_18,1.770873085136754,0.007018647744884013,80,5
B09_19,1.7406226664086524,0.00413162999550068,100,1
B09_2,1.0549156446695986,0.0211661724333202,5,26
B09_20,1.8359873030054858,0.00496367434673983,100,26
B09_21,1.8276547142435895,0.004533762700629161,100,5
B09_22,2.0971551367365375,0.002691092293902591,400,1
B09_23,2.1267713187750807,0.0032934948200982342,400,26
B09_24,1.2239951281748143,5.117940717321476e-4,400,30
B09_25,1.3740661737849746,0.0010597556831949556,600,1
B09_26,1.8276851487339807,0.0031898470679516313,600,26
B09_27,2.013081338895039,0.002571118698708192,600,5
B09_28,1.5646670306377148,0.0010167320394070649,1000,1
B09_29,1.8747728510313588,0.0034948158661641734,1000,26
B09_3,0.38903444568900986,1e-7,5,5
B09_30,1.41646925462551,0.0012061855987280617,1000,5
B09_4,0.9288076930565082,0.011916898736407772,10,1
B09_5,1.100022680158471,0.016306592951420056,10,26
B09_6,0.7519202855459179,0.009118581647591757,10,5
B09_7,0.99044893819919,0.0071013280149171305,20,1
B09_8,1.2702698047018424,0.014920289167341767,20,26
B09_9,0.8232360199875123,0.005575345010498459,20,5
B10_11,1.07052115453217,0.005208478396912582,40,2
B10_12,2.064669961993655,0.00985446627005185,40,29
B10_14,1.3921006162119596,0.00872076709683439,60,2
B10_15,1.6361728261502542,0.007695593620498789,60,29
B10_17,2.664653960939451,0.011564972314628044,80,2
B10_18,1.8489179728139065,0.004778266271842126,80,29
B10_2,1.0303888640641303,0.021937967513451,5,2
B10_20,1.9093187720440377,0.005679914134340202,100,2
B10_21,1.5453909504342929,0.00310990318878223,100,29
B10_23,2.314637904099391,0.00548394641793543,400,2
B10_24,1.7552899924251224,0.0019536714502913495,400,29
B10_26,1.6812459437017129,0.004015354748550183,600,2
B10_27,1.8507463634234167,0.0015407300201773547,600,29
B10_29,1.7105403837451116,0.003737003481422868,1000,2
B10_3,1.4005341029322613,0.029929110005931448,5,29
B10_30,1.4598144482480282,8.48878064933212e-4,1000,29
B10_5,1.139699869623726,0.020654938652319287,10,2
B10_6,1.2462573744576029,0.01723690185231301,10,29
B10_8,0.9700428754449607,0.010428237114757374,20,2
B10_9,1.3311850572978097,0.006587131026290064,20,29
B11_1,0.663432472378949,1e-7,5,24
B11_10,1.09926574672954,1e-7,40,24
B11_11,1.4596018429357163,0.009515781509171576,40,18
B11_12,1.4134292731949774,0.010000556543649926,40,anc4
B11_13,1.092250094617283,1e-7,60,24
B11_14,1.6999792413720902,0.009831297049263835,60,18
B11_15,1.4553657638478426,0.006468218137583511,60,anc4
B11_16,1.94432584891063,0.005682624411544442,80,24
B11_17,2.2829273994843855,0.00877098272784209,80,18
B11_18,2.11655287392254,0.00825505792516602,80,anc4
B11_19,2.0061802559937973,0.005009000662811137,100,24
B11_2,1.034484808547955,0.02205971222041298,5,18
B11_20,1.8287333126391183,0.004585486087000961,100,18
B11_21,1.7799564895076176,0.005517416688033902,100,anc4
B11_22,2.341157492162026,0.00400403169195887,400,24
B11_23,1.508303653585437,0.0015757410695509855,400,18
B11_24,1.5527431123572053,0.0023582662792594037,400,anc4
B11_25,1.5494930630600854,0.001210351989849598,600,24
B11_26,1.6852771089904068,0.002387602789882003,600,18
B11_27,1.6074662505277637,0.002245628598162869,600,anc4
B11_28,1.8242565784152782,0.0019972848507395185,1000,24
B11_29,1.5012779393791373,0.002298603604627506,1000,18
B11_3,1.1334194901796493,0.02987194826075932,5,anc4
B11_30,1.5259268242401418,0.0027344952121275035,1000,anc4
B11_4,0.6551291655570898,1e-7,10,24
B11_5,1.47424706921565,0.026411718420354988,10,18
B11_6,1.171495374187901,0.03020776530084999,10,anc4
B11_7,0.8192545059350793,1e-7,20,24
B11_8,1.2799130228578461,0.016376727896080828,20,18
B11_9,1.7462276844224545,0.03206583917271396,20,anc4
C02_1,0.7560038480965544,0.002725785485768972,5,6
C02_10,1.3072529431504667,0.005772866076319568,40,6
C02_11,1.4037060047103413,0.0015284810021026906,40,21
C02_12,1.3456706074243852,0.008825402822909624,40,10
C02_13,1.308421753246589,0.003953030735972606,60,6
C02_14,1.6051876965159335,0.0017836287193720465,60,21
C02_15,1.4365340866760552,0.006309551264396362,60,10
C02_16,1.5341374697230716,0.0036299121463535156,80,6
C02_17,2.0177891817152287,0.0029966741893241314,80,21
C02_18,2.0286985153884123,0.007267780111083491,80,10
C02_19,1.7683828979174696,0.003900360897148744,100,6
C02_2,1.3832782084072806,0.008931327428846359,5,21
C02_20,2.087113599686097,0.0036794451326375285,100,21
C02_21,2.433247365883495,0.006019353872932901,100,10
C02_22,1.5739327768990963,9.714389618970324e-4,400,6
C02_23,1.9919074407389814,0.001654555713953039,400,21
C02_24,1.81482301369118,0.002361577104445711,400,10
C02_25,1.6893983631660463,0.0013482774082043062,600,6
C02_26,1.8069832400800367,0.0011762091506240593,600,21
C02_27,1.5974276697696106,0.0024016608368868614,600,10
C02_28,1.4893648735656908,6.074326494056444e-4,1000,6
C02_29,1.7636083606521462,0.002156788639563975,1000,21
C02_3,1.2840132527792105,0.037073163296811804,5,10
C02_30,1.9936213774152491,0.0029438461679106805,1000,10
C02_4,1.157776875889275,0.014846734886552297,10,6
C02_5,1.479462998923221,0.005993826345035772,10,21
C02_6,1.2408475842442186,0.028862094224257413,10,10
C02_7,1.3939143241918122,0.011539700338341457,20,6
C02_8,1.4680130462674974,0.003934294635319873,20,21
C02_9,0.7539839118236055,0.005625495014371472,20,10
C03_1,1.447197474591346,0.043089008883257104,5,33
C03_10,1.1229426668495552,0.00485377827590905,40,33
C03_11,1.5021544423298396,0.009845025672411445,40,9
C03_12,1.3688805804424675,0.004497743767902766,40,30
C03_13,1.3894855823363388,0.006915936160043086,60,33
C03_14,1.6231005809991073,0.008673695192619449,60,9
C03_15,1.8611052847117493,0.007637310706131995,60,30
C03_16,1.9274887048789533,0.006159767806321261,80,33
C03_17,1.8928761278588582,0.004980144596769707,80,9
C03_18,1.9999213856499847,0.003796262903997039,80,30
C03_19,2.501191807771557,0.007935107944116756,100,33
C03_2,1.2752836733593171,0.04057463361281777,5,9
C03_20,1.8093817754788455,0.004030282785444472,100,9
C03_21,1.9788510329146458,0.001882593476684131,100,30
C03_22,1.5622569642141888,0.0021386642609793737,400,33
C03_23,1.7714355631075438,0.002464649807871739,400,9
C03_24,1.7005536503332808,0.0016369961583347125,400,5
C03_25,1.678021977037089,0.0019292429259067261,600,33
C03_26,1.988723244165704,0.0018265077468778157,600,9
C03_27,1.539319651917273,0.0014417644261995335,600,30
C03_28,1.5880826394972716,0.0016318454130249496,1000,33
C03_29,1.735305253395338,0.0022765318238990857,1000,9
C03_3,1.8711316483472176,0.055486659821993474,5,30
C03_30,1.6064957115426162,0.0013460320298207386,1000,30
C03_4,1.444271449288852,0.029930928746544586,10,33
C03_5,0.9962346559116906,0.014904567311035994,10,9
C03_6,1.4197449197525847,0.01867309917906409,10,30
C03_7,0.9108226780659796,0.0067903494449186004,20,33
C03_8,1.2167132958541207,0.021512081150359776,20,9
C03_9,1.498026844217049,0.01340344702372878,20,30
C04_1,1.509603501843264,0.05494158360760836,5,32
C04_10,1.4480943861413835,0.008371777642023752,40,32
C04_11,1.4711695852649005,0.004520915238945059,40,35
C04_12,0.8601181370566492,1e-7,40,5
C04_13,1.7902054498041728,0.009064146609751857,60,32
C04_14,1.7879813696269382,0.005482531972723452,60,35
C04_15,1.1672299323904343,0.0033824274036100715,60,5
C04_16,2.1283326464006227,0.00673573398044706,80,32
C04_17,1.6047815501259792,0.003211921631647472,80,35
C04_18,1.8841360212065676,0.007477879665668902,80,5
C04_19,2.3165756891091953,0.005827008195334257,100,32
C04_2,1.1726687084881868,0.02132814392346058,5,35
C04_20,1.7412779858733898,0.0027980893197546665,100,35
C04_21,1.9539437783590987,0.004468282062389484,100,5
C04_22,1.469863055507946,7.847336818185306e-4,400,32
C04_23,1.6094736944102475,0.0012994936015108263,400,35
C04_24,1.7923598342944007,0.00179706937093206,400,30
C04_25,1.4827781089578858,0.0015671686635667056,600,32
C04_26,1.7880439933333405,0.0015444540003298679,600,35
C04_27,1.7291007768829545,0.0022468193406099683,600,5
C04_28,1.6692882432588714,0.002164961720943515,1000,32
C04_29,2.0971178888167414,0.0031262002194887744,1000,35
C04_3,0.8104853557366628,0.01707906437985666,5,5
C04_30,1.5220924174277657,0.001955070614677016,1000,5
C04_4,1.2389594021009833,0.026778837323115277,10,32
C04_5,1.3661437204027413,0.021370800025933903,10,35
C04_6,0.9445556629573654,0.013398065772473428,10,5
C04_7,1.3680358901844325,0.017058671573695817,20,32
C04_8,1.1265371858870332,0.0036295268142643856,20,35
C04_9,0.8820740366388851,0.006827033835530673,20,5
C05_1,1.180092341795161,0.022790513640765495,5,25
C05_10,1.505598129086389,0.007846675085344437,40,25
C05_11,1.117345783812742,0.003005779756854347,40,28
C05_12,1.3985964704161638,0.010515523027921385,40,cc1690
C05_13,1.74574925423797,0.006766553837344784,60,25
C05_14,1.7036557889144932,0.005704112498072936,60,28
C05_15,1.5508008442129506,0.006804177072740009,60,cc1690
C05_16,1.9072695388573664,0.006066441719817175,80,25
C05_17,2.190735003064679,0.004715296365745533,80,28
C05_18,2.320750390837049,0.008555804922356155,80,cc1690
C05_19,1.8844543937035134,0.0050483390678935725,100,25
C05_2,1.2227495901484384,0.028261148581872175,5,28
C05_20,1.8808710592702058,0.002124958341807087,100,28
C05_21,2.11835494907117,0.005424202175673256,100,cc1690
C05_22,1.5814483910358386,0.0022541819517035845,400,25
C05_23,1.922837634435381,0.0014075466371743649,400,28
C05_24,1.5645628026586487,0.0018754239302113407,400,cc1690
C05_25,1.3460693663191827,7.07680570131893e-4,600,25
C05_26,2.0107008830660633,0.0014774033775453608,600,28
C05_27,1.4148445516536765,0.0014005744295341933,600,cc1690
C05_28,1.525898579606671,7.460683260174737e-4,1000,25
C05_29,1.5756636979839864,8.462236607568101e-4,1000,28
C05_3,1.2856467426921667,0.04133826514443947,5,cc1690
C05_30,1.6071670821774167,0.002541558334666599,1000,cc1690
C05_4,1.1447941066765832,0.016667993801586626,10,25
C05_5,1.9984777850591084,0.03599510285900544,10,28
C05_6,1.9008703105935398,0.05215530472631498,10,cc1690
C05_7,1.3822478026795442,0.012145813435789535,20,25
C05_8,1.0132081685365426,1.5279823787424387e-4,20,28
C05_9,1.78872693435585,0.037563743474080855,20,cc1690
C06_1,1.704627867697281,0.04110019287067924,5,1
C06_10,1.326224833637416,0.005509179736276465,40,1
C06_11,1.3238993442923306,0.0058527573336126125,40,26
C06_12,1.351874076988956,0.011083345922069056,40,anc3
C06_13,1.4275250978159473,0.0061036847355942165,60,1
C06_14,1.7537355916853905,0.010434056977382733,60,26
C06_15,1.7847606723425171,0.010372997588191681,60,anc3
C06_16,1.7280515877848235,0.005317426467541158,80,1
C06_17,2.548515926982792,0.008922375596040298,80,26
C06_18,2.393079513591751,0.009229523454369665,80,anc3
C06_19,1.9258110682898384,0.00538737776637593,100,1
C06_2,1.032682983716625,0.02349509988360164,5,26
C06_20,1.8400748522654076,0.005222465403781003,100,26
C06_21,2.030265528507287,0.0048812859926253204,100,anc3
C06_22,1.669207274829298,0.0015608678422053964,400,1
C06_23,1.8950126285275317,0.0025740785334845747,400,26
C06_24,1.5528131972469572,0.0016237537935284234,400,anc3
C06_25,1.487246651886302,0.0013501079383453857,600,1
C06_26,1.8314252774958635,0.003277925994262847,600,26
C06_27,1.5451321306023258,0.0018863721151422845,600,anc3
C06_28,1.4937154615647616,9.992860582027625e-4,1000,1
C06_29,1.8384744862799252,0.00284096306012531,1000,26
C06_3,1.0281292115258187,0.027993482557564304,5,anc3
C06_30,1.5671545363229318,0.0023240676124226135,1000,anc3
C06_4,1.1342915604872394,0.01891857558832233,10,1
C06_5,1.495424501709725,0.027318738178474966,10,26
C06_6,1.0393198488380941,0.027064560524728488,10,anc3
C06_7,1.061357097977803,0.006344817903072755,20,1
C06_8,1.4484491571915004,0.02270983438289922,20,26
C06_9,1.5575693450701427,0.030122166950951823,20,anc3
C07_1,1.429981435084938,0.04516296172660591,5,11
C07_10,1.4759603859384243,0.008347546179351854,40,11
C07_11,0.8634592676485696,1e-7,40,27
C07_12,1.1209784371396005,0.004038922595798184,40,7
C07_13,1.7867765271590619,0.00797302934216902,60,11
C07_14,1.0461368435073273,1e-7,60,27
C07_15,1.1586560908158658,0.0027209736632315207,60,7
C07_16,2.2593559665803324,0.00921973675296872,80,11
C07_17,2.8775311790731948,0.009889542814351565,80,27
C07_18,2.059468354996562,0.008555256311324954,80,7
C07_19,2.03181367087448,0.006241460572316132,100,anc5
C07_2,0.5295181616812555,1e-7,5,27
C07_20,2.0027955629342946,0.006502682559683542,100,27
C07_21,1.9588302000383802,0.0033679111507965293,100,7
C07_22,2.0453995011630215,0.003093739242255537,400,11
C07_23,2.262237046359909,0.0029718279020388297,400,27
C07_24,1.3268900766908607,9.523762968532088e-4,400,7
C07_25,1.7351729186715914,0.0031421963530524045,600,11
C07_26,1.572602037162514,0.001874066897145293,600,27
C07_27,1.6868432972575567,0.0018641962791135361,600,7
C07_28,1.8709760537985554,0.0035957752875467354,1000,11
C07_29,1.840483913751363,0.0017513702775405417,1000,27
C07_3,1.0670549068517252,0.016156676868439294,5,7
C07_30,1.5277450251415852,0.0014787634017386778,1000,7
C07_4,1.0325278510278397,0.017545993833040254,10,11
C07_5,0.7658528896038311,1e-7,10,27
C07_6,0.9825305723964394,0.014571879350006688,10,7
C07_7,1.7185802722488672,0.022245935385521637,20,11
C07_8,0.7128265307799763,1e-7,20,27
C07_9,1.4314703323440736,0.01387706606645496,20,7
C08_11,1.1077153394155101,0.005267371075268889,40,2
C08_12,1.7426354876293235,0.013463826177028628,40,16
C08_14,1.6415496399955638,0.011422466922405195,60,2
C08_15,1.1543313369765593,0.003979795506835671,60,16
C08_17,2.4476934598539763,0.010310834197397986,80,2
C08_18,1.8332468972485545,0.007211798430862898,80,16
C08_2,1.0429842496637836,0.02896532986325848,5,2
C08_20,2.022403264882662,0.006698498329001923,100,2
C08_21,2.2384825212562913,0.008869036480690443,100,16
C08_23,2.6049072300959626,0.005324941395861713,400,2
C08_24,1.248837197556489,9.062376263817575e-4,400,16
C08_26,1.6847132432898295,0.004540918457400846,600,2
C08_27,1.2683990436411985,0.0011574584374445139,600,16
C08_29,1.9796897878683146,0.00371888443627159,1000,2
C08_3,1.1602498471716227,0.03317730823116888,5,16
C08_30,1.6938779613139063,0.0032229062808181363,1000,16
C08_5,1.182072074259333,0.021697558104803207,10,2
C08_6,1.580469808389796,0.03731322241891187,10,16
C08_8,1.7379121294824293,0.027369350779448937,20,2
C08_9,1.773438826291724,0.030468949646682907,20,16
C09_1,1.1452919604709082,0.013310836833551033,5,6
C09_10,1.552804607214716,0.007371997681731203,40,6
C09_11,1.4835008673197996,0.0023982907535206248,40,21
C09_12,1.5603645763171206,0.005428136490693322,40,30
C09_13,1.2009477907832506,0.0026166780968469314,60,6
C09_14,1.630009372944263,0.0017955511719628954,60,21
C09_15,1.9035296064176528,0.009848009520079217,60,30
C09_16,1.9609773354421747,0.005158265163373103,80,6
C09_17,2.2949378048398765,0.003477375117773174,80,21
C09_18,1.8646999457401034,0.005623134962343685,80,30
C09_19,1.9039323284906295,0.0036824398837917915,100,6
C09_2,1.5186091322741608,0.01034807066390187,5,21
C09_20,2.0071489850370803,0.0024126298697448386,100,21
C09_21,1.667182098588543,0.004078126959277692,100,30
C09_22,1.8099748644532643,0.0014225888347171077,400,6
C09_23,1.837071439097359,0.0015933229173736624,400,21
C09_24,1.3811698636477048,8.426424612925001e-4,400,5
C09_25,1.4264736986243667,8.58081138173917e-4,600,6
C09_26,1.916496811975254,0.0014773536637898083,600,21
C09_27,1.4403351022102524,0.0011898100383705365,600,30
C09_28,1.5767139065856204,0.0011822854424614552,1000,6
C09_29,1.8690457450487201,0.0035458500183790645,1000,21
C09_3,1.3726125126012934,0.037247461528139354,5,30
C09_30,1.3652152711097731,5.79142915080279e-4,1000,30
C09_4,1.1676997758618772,0.0157373566740275,10,6
C09_5,1.2220020546094392,0.004938677283021448,10,21
C09_6,1.3563301049298184,0.027515858564320036,10,30
C09_7,1.263735668113071,0.01035898310268606,20,6
C09_8,1.3791387290344113,0.004324248540998795,20,21
C09_9,1.50469016790024,0.016906232893825184,20,30
C10_1,1.4936260891414772,0.0511379551811591,5,23
C10_10,1.358196249875564,0.007588225469269277,40,23
C10_11,1.591396958009602,0.011106206229221507,40,anc2
C10_12,1.4918937414814315,0.00800151881530363,40,3
C10_13,1.63825903847439,0.00731107225416753,60,23
C10_14,1.6065149200370747,0.00914605083931056,60,anc2
C10_15,1.4896059623165994,0.00561598726949544,60,3
C10_16,2.4147128121047117,0.008239933552224332,80,23
C10_17,2.3051587681056356,0.007699904659774081,80,anc2
C10_18,1.9280843894095026,0.007442342789674572,80,3
C10_19,2.3427805769220877,0.006271520623949049,100,23
C10_2,0.9930168922548748,0.0252777554169408,5,anc2
C10_20,2.13055216342431,0.0059703103583694985,100,anc2
C10_21,2.045853293446203,0.005698037706392863,100,3
C10_22,2.1155023369021384,0.003360061223474296,400,23
C10_23,1.6497719363046464,0.001909359533355573,400,anc2
C10_24,1.4646226732501435,0.0014316036948365117,400,3
C10_25,1.5459261531997501,0.001684908774499972,600,23
C10_26,1.5670587317261773,0.0018064799974521317,600,anc2
C10_27,1.6585543168465469,0.002168478946725367,600,3
C10_28,2.1768832730953975,0.0032183433439059556,1000,23
C10_29,1.711628744328056,0.0030322646877328683,1000,anc2
C10_3,1.6834933755788424,0.037069987145011724,5,3
C10_30,1.277290290818952,0.0010555398915301085,1000,3
C10_4,1.803761785567893,0.03693367643107652,10,23
C10_5,1.216276247730564,0.01734461242068373,10,anc2
C10_6,1.6052979904255376,0.029950824304694364,10,3
C10_7,1.5929683689609229,0.020052323962581487,20,23
C10_8,1.3781475812477897,0.018250014855324386,20,anc2
C10_9,2.041065945891,0.02479018252622459,20,3
C11_1,1.0187461421438102,0.026661451646453338,5,anc5
C11_10,1.3004807189515544,0.0057444348782099905,40,anc5
C11_11,1.7495471577194688,0.007151685100271273,40,17
C11_12,1.8002642733819962,0.013674648481682528,40,15
C11_13,1.54811291264855,0.005647751603480035,60,anc5
C11_14,1.9866429911243453,0.003977648783167256,60,17
C11_15,1.5953134636182789,0.007916225829079712,60,15
C11_16,2.197989352789471,0.009337582665521794,80,anc5
C11_17,1.7031492654666052,0.0022094320303921904,80,17
C11_18,2.1468732076800663,0.00876476886409475,80,15
C11_19,2.380311195186182,0.0070121605601140636,100,11
C11_2,1.4629946888677174,0.024993271266374364,5,17
C11_20,2.0509429423282772,0.003361577315160861,100,17
C11_21,1.9480291779169376,0.0050242055983038625,100,15
C11_22,1.9801332021960107,0.0037564312266817695,400,anc5
C11_23,1.9082905864060544,0.0019417239895348336,400,17
C11_24,1.6424166283971975,0.001777862636357268,400,15
C11_25,1.6477039086912606,0.0027023824462794233,600,anc5
C11_26,1.7274397424866965,0.0010822732782209382,600,17
C11_27,1.452658920475304,0.001135143985914188,600,15
C11_28,1.6970343429335089,0.002477993204130176,1000,anc5
C11_29,1.6055127117283658,0.0015076319295613786,1000,17
C11_3,0.4602388967256034,0.0056950653926051845,5,15
C11_30,1.3955582792569723,0.0012951122522285442,1000,15
C11_4,1.1698365167015745,0.017319826461363076,10,anc5
C11_5,1.197904770015662,0.012139341143883231,10,17
C11_6,1.1969437681426507,0.035980272774703184,10,15
C11_7,0.9157400037498689,0.0065085723685357946,20,anc5
C11_8,1.64109720622614,0.007341622549259358,20,17
C11_9,2.020240945160691,0.020340491473099992,20,15
D02_1,0.5793107851148612,1e-7,5,24
D02_10,0.7192371098002284,1e-7,40,24
D02_11,1.6115832257029432,0.010533651460219269,40,18
D02_12,1.4306621518085592,0.004427866715571008,40,29
D02_13,0.9563993178790905,1e-7,60,24
D02_14,1.542886834164617,0.009057378617330943,60,18
D02_15,1.7837692304943067,0.007149673814363013,60,29
D02_16,1.9102553002347173,0.004989007527048231,80,24
D02_17,1.9221166200353437,0.006984122031207656,80,18
D02_18,1.9728235903764582,0.005110087247043079,80,29
D02_19,2.0967318052999526,0.006632654476039106,100,24
D02_2,1.230781068969996,0.03705969237392416,5,18
D02_20,1.6546228070907878,0.003720717250543354,100,18
D02_21,1.7617078191275577,0.0024545959045632823,100,29
D02_22,1.6264523422672552,0.0021144680798805826,400,24
D02_23,1.6725274794607097,0.0022567867246303707,400,18
D02_24,1.9371667980264524,0.002072808196564504,400,29
D02_25,1.9228951264584055,0.002540834903541516,600,24
D02_26,2.0101382587355165,0.00164664838820904,600,18
D02_27,1.6186105134357753,0.0010427658050727526,600,29
D02_28,1.411050094418248,0.0012952551287586601,1000,24
D02_29,1.9480386757312673,0.0026389791566115966,1000,18
D02_3,1.637781845654773,0.042015946340726064,5,29
D02_30,1.6033758024076958,4.139583040842542e-4,1000,29
D02_4,0.8020477221373086,0.008328959840281832,10,24
D02_5,1.370475861760491,0.02542274051308117,10,18
D02_6,1.6638060689022318,0.019439149451860947,10,29
D02_7,0.7635823456200905,1e-7,20,24
D02_8,1.296512136969361,0.017937631537532046,20,18
D02_9,1.9280951798569201,0.014748544492147058,20,29
D03_1,1.430294832397463,0.00704348950489268,5,8
D03_10,1.1963984050855434,5.371861717873033e-4,40,8
D03_11,1.4907346928370004,0.008633607936384919,40,22
D03_12,1.2664699370871908,0.00995810589338406,40,20
D03_13,1.230917222739925,0.0013647933644822122,60,8
D03_14,1.633857907569534,0.009845285492989023,60,22
D03_15,1.4907219593652443,0.007431376970660058,60,20
D03_16,1.7947800725692518,0.0024952139204812342,80,8
D03_17,1.8868887440949855,0.006777145463282471,80,22
D03_18,1.545674479929026,0.005557002943538831,80,20
D03_19,1.8495944379903941,0.0026120206665667667,100,8
D03_2,1.439684016128299,0.05871299769670434,5,22
D03_20,1.8171994896221597,0.003864323598721774,100,22
D03_21,2.404428904581299,0.005981873073805352,100,20
D03_22,1.9162406365729023,0.003259389146680285,400,8
D03_23,2.1257879670827906,0.0038138453350272947,400,22
D03_24,1.6574758961864429,0.001917298565659504,400,20
D03_25,1.9513154331161457,0.0032264869285506706,600,8
D03_26,1.9511902567172987,0.0015838583311806975,600,22
D03_27,1.4902983370303182,0.0017911869155586553,600,20
D03_28,1.7655275679337634,0.0025185645103836295,1000,8
D03_29,1.9335612056796228,0.0026855991993543138,1000,22
D03_3,1.2130127205494445,0.0340877224960102,5,20
D03_30,1.9006051047075776,0.0017375976340902786,1000,20
D03_4,1.3615930062797512,0.0045041783187672844,10,8
D03_5,1.0799577488418495,0.021705028929676094,10,22
D03_6,1.151332183483538,0.024528061216520288,10,20
D03_7,1.362138170319972,0.0037669115179811393,20,8
D03_8,1.2253408069999425,0.019571719891996384,20,22
D03_9,1.1213393917323777,0.01682744130163112,20,20
D04_1,1.026403649353583,0.023316229002837214,5,19
D04_10,1.262327526307889,0.00537192762497348,40,19
D04_11,1.1977084524798784,0.004940209829177697,40,4
D04_12,1.2132862407308247,0.009056411874318939,40,anc4
D04_13,1.5273948456249031,0.007240450390184687,60,19
D04_14,1.7131699868432184,0.009646800736633597,60,4
D04_15,1.5313148776089507,0.007141314530894911,60,anc4
D04_16,1.6752314359681488,0.006350366837838067,80,19
D04_17,2.017667150071096,0.005970300231731469,80,4
D04_18,1.617035349138011,0.006370746617570934,80,anc4
D04_19,1.6703021063280015,0.005056461430928782,100,19
D04_2,0.68654454579791,0.004741322256807929,5,4
D04_20,1.6620743588527376,0.0036835212435510916,100,4
D04_21,1.7039982213811922,0.005430976362232082,100,anc4
D04_22,1.245287805866935,2.602147211553391e-4,400,19
D04_23,2.083334482481179,0.0026931453074141966,400,4
D04_24,1.7775061856731975,0.003177126067501468,400,anc4
D04_25,1.2509920530055907,2.0438150198284636e-4,600,19
D04_26,2.3412634177450875,0.0032790681046357024,600,4
D04_27,1.322100326009726,0.0014553842792512206,600,anc4
D04_28,1.2959670967989279,3.397881050243808e-4,1000,19
D04_29,1.6855462304004634,0.0022327520405191017,1000,4
D04_3,0.8820871216054734,0.026330476677237705,5,anc4
D04_30,1.4416080903016113,0.0023261780910463392,1000,anc4
D04_4,1.407958824200271,0.02757582011036819,10,19
D04_5,1.072702477780851,0.01795996626384332,10,4
D04_6,1.4650591530153443,0.0340168429330501,10,anc4
D04_7,0.9803662817214839,0.005133859770889885,20,19
D04_8,1.194468714708626,0.014653058199429869,20,4
D04_9,1.2691067640293927,0.019938684884396998,20,anc4
D05_1,1.9530056764584727,0.06190055936569918,5,33
D05_10,1.4283969866658635,0.007840921858301271,40,33
D05_11,1.482803975708313,0.009740435174683508,40,9
D05_12,1.2771556895840854,0.007449897426773821,40,10
D05_13,1.2475101476927866,0.004952698657574116,60,33
D05_14,1.3620384128347134,0.005563385246495214,60,9
D05_15,1.4193305367496423,0.00585437299842458,60,10
D05_16,1.7796191715331604,0.006543915950977626,80,33
D05_17,1.9912894700705863,0.007014432019343973,80,9
D05_18,1.4427688776728596,0.004865628150236432,80,10
D05_19,1.8805307056435216,0.005527830606838871,100,33
D05_2,1.6203780418887783,0.05095912540289557,5,9
D05_20,2.06353517193939,0.005558316498540351,100,9
D05_21,1.6530779879984194,0.005019378502849289,100,10
D05_22,1.6761045140894806,0.0025515475487910486,400,33
D05_23,1.893432635096472,0.0022980927308993517,400,9
D05_24,1.6448908947920584,0.0019806611517112567,400,10
D05_25,1.1398302945362329,2.9048917431039116e-4,600,33
D05_26,1.983988644522675,0.002090482633126967,600,9
D05_27,1.5430777971349405,0.0020207595574714713,600,10
D05_28,1.2770709633393842,4.4007330907424913e-4,1000,33
D05_29,1.7059887751144969,0.0029964826352006204,1000,9
D05_3,1.4308689294593577,0.038891306901962054,5,10
D05_30,1.2291405088460685,0.0011588424266326042,1000,10
D05_4,1.3513996112424271,0.02699494537995251,10,33
D05_5,1.1074608693381753,0.0215502091939372,10,9
D05_6,1.9753170224611718,0.046055912292371486,10,10
D05_7,1.3401564548572262,0.013895546434682982,20,33
D05_8,1.2971893470004394,0.022050302171765998,20,9
D05_9,1.0587703834380755,0.012721223548916036,20,10
D06_1,1.0593268656924282,0.02288008992602589,5,14
D06_10,1.1395381085481286,0.004240667632709728,40,14
D06_11,1.44425833487103,0.006364067462095344,40,31
D06_12,0.7728863171169774,1e-7,40,5
D06_13,1.3736132615932688,0.004978143914795234,60,14
D06_14,1.2607975185279532,0.004662746298711838,60,31
D06_15,0.9711665811688273,8.107820925248615e-4,60,5
D06_16,1.6895770441419142,0.006366600363541247,80,14
D06_17,1.7943796336541538,0.005668505257839244,80,31
D06_18,1.6718499912134515,0.007289716721350158,80,5
D06_19,1.7611925297875948,0.005305410005873336,100,14
D06_2,1.1946878995080124,0.025394571555090843,5,31
D06_20,1.5498816633231405,0.003892250925316946,100,31
D06_21,1.519566835015966,0.004946556001242399,100,5
D06_22,1.8593782399334775,0.003246975590820488,400,14
D06_23,1.8954441451879314,0.0023735540219663306,400,31
D06_24,1.2859631265878146,7.117346797099023e-4,400,30
D06_25,1.1918271202698354,4.13615430804811e-4,600,14
D06_26,1.3613291286396165,0.0011407920892085326,600,31
D06_27,1.936673474249096,0.0025758101096188973,600,5
D06_28,1.463552780650069,0.0013063751347036129,1000,14
D06_29,1.4717802724215752,0.001592248458791399,1000,31
D06_3,0.5718935763179878,0.0067389644433953535,5,5
D06_30,1.1725955283740224,8.016818408812886e-4,1000,5
D06_4,1.1122834606795737,0.017263671973978677,10,14
D06_5,1.386029353360563,0.027142341963551343,10,31
D06_6,0.5592838956649901,0.0025174445506527072,10,5
D06_7,1.3526889047408521,0.012570313309969505,20,14
D06_8,1.2722227645527786,0.015732119217440627,20,31
D06_9,0.9333951543125973,0.006186251828879186,20,5
D07_1,1.228219157366314,0.03496622829033644,5,32
D07_10,1.2951811606531989,0.00662319136817842,40,32
D07_11,1.3740762954916232,0.00695322817662894,40,35
D07_12,1.3315891980814694,0.009685675673748343,40,anc3
D07_13,1.3057761927699494,0.003904507666924626,60,32
D07_14,1.405442263613469,0.0028912026007196193,60,35
D07_15,1.3858572836311842,0.006513694941074274,60,anc3
D07_16,1.7305157638098334,0.006798554920603983,80,32
D07_17,1.567092537551509,0.003060669147127895,80,35
D07_18,1.3971159670932973,0.004799663621042848,80,anc3
D07_19,2.125446197159173,0.006385352548507668,100,32
D07_2,1.2543735264418627,0.031174185451670312,5,35
D07_20,1.7840325760243978,0.004096195026018941,100,35
D07_21,1.5716707883997674,0.004915348256927249,100,anc3
D07_22,1.7773767651528167,0.002150495644999623,400,32
D07_23,1.8123357371317823,0.001979690388835732,400,35
D07_24,1.4506545900413967,0.0017704948597378355,400,anc3
D07_25,1.3766073271683603,6.322059737775995e-4,600,32
D07_26,1.531399034890224,0.0013440843379470288,600,35
D07_27,1.2416985253091322,8.283293683943939e-4,600,anc3
D07_28,1.452811134322669,0.001445016782401953,1000,32
D07_29,1.9162834655200442,0.0023066000887535815,1000,35
D07_3,1.2459901938202316,0.03155552065460869,5,anc3
D07_30,1.2408133928879415,8.271343473590424e-4,1000,anc3
D07_4,1.48106478315398,0.02822250565231071,10,32
D07_5,1.3445517587288778,0.02357756158888297,10,35
D07_6,1.9410798148579669,0.04546111885193001,10,anc3
D07_7,1.7434125179979347,0.017798438174912955,20,32
D07_8,1.4405813647367798,0.00976000535904975,20,35
D07_9,1.4199494706510953,0.017387837837328814,20,anc3
D08_1,0.5325594462386032,0.011124831405869175,5,32
D08_10,1.329831226969382,0.0063861712731579775,40,32
D08_11,1.4033004954872283,0.00584887596413963,40,35
D08_12,1.1259536062104123,0.006785855702713098,40,20
D08_13,1.3759345834015895,0.004428242944289733,60,32
D08_14,1.5708337661834428,0.0037371610886752353,60,35
D08_15,1.3991193518693403,0.005572827853185314,60,20
D08_16,1.7721077357101764,0.006749882034455066,80,32
D08_17,1.775476180350645,0.004278018388378396,80,35
D08_18,1.4141288312211566,0.004758084831140091,80,20
D08_19,1.8568074049234404,0.005450355518024634,100,32
D08_2,1.270775971938888,0.032278803369094757,5,35
D08_20,1.8340712207398224,0.004109419640912417,100,35
D08_21,2.2568051693267788,0.007824876892219038,100,20
D08_22,2.133477440034062,0.0033106850799060478,400,32
D08_23,1.7032189499232697,0.0016679609853647492,400,35
D08_24,1.131984258395331,2.9788628702482223e-4,400,20
D08_25,1.288279890515369,7.423536968980268e-4,600,32
D08_26,1.4681024501049966,0.001221781614477222,600,35
D08_27,1.5803355846827403,0.00206122135479965,600,20
D08_28,1.5214059032158527,0.0018316452851566294,1000,32
D08_29,1.7483834469857855,0.0023173163542316464,1000,35
D08_3,0.9923575478848337,0.0259018913848547,5,20
D08_30,1.3925869270673468,0.0012548859133862296,1000,20
D08_4,1.2675365723275893,0.022284875300111157,10,32
D08_5,1.4785706166593873,0.024680396725556934,10,35
D08_6,1.3496265673250427,0.027557061233230293,10,20
D08_7,1.3155968536048677,0.012961237229437901,20,32
D08_8,1.1282249378277875,0.002525948633984199,20,35
D08_9,1.2151247168859598,0.016699505932283774,20,20
D09_1,1.0286841354178953,0.026205682312117146,5,14
D09_10,1.411834946005097,0.005945932804808127,40,14
D09_11,1.1903217333437066,0.005550591496880326,40,31
D09_12,1.6343714457066487,0.009033956380988861,40,3
D09_13,1.5136670447437262,0.00503290172722692,60,14
D09_14,1.4380342506481347,0.008489754786773945,60,31
D09_15,1.3959729030045978,0.00558780721883827,60,3
D09_16,1.7739354579558444,0.006638112799551527,80,14
D09_17,2.3349136143594906,0.007573494743225145,80,31
D09_18,1.5682889598125498,0.005265526973409463,80,3
D09_19,1.874592617233748,0.005349427565202224,100,14
D09_2,1.354391114729893,0.02852041789214731,5,31
D09_20,1.864947534035109,0.005400706774424702,100,31
D09_21,1.7315072277853838,0.005383849081800973,100,3
D09_22,1.9448363869036989,0.003801784342233161,400,14
D09_23,2.007530864957459,0.0030770963396523307,400,31
D09_24,1.3332692243786552,0.0013247255507323496,400,3
D09_25,1.1838059157629477,3.277739606852666e-4,600,14
D09_26,1.376017353807612,0.001157734402639217,600,31
D09_27,1.2522177686818865,0.0010642031083722256,600,3
D09_28,1.423308155331297,0.0010618954527285853,1000,14
D09_29,1.6625471917773087,0.002264090731067032,1000,31
D09_3,1.3586195026176737,0.034814012739317744,5,3
D09_30,1.3246383195257811,8.959735910189377e-4,1000,3
D09_4,1.166679819815969,0.015215605565526725,10,14
D09_5,1.3408747611905705,0.02341305343365485,10,31
D09_6,1.6937134813491193,0.030419080548778725,10,3
D09_7,1.2114815910647783,0.010470037471371508,20,14
D09_8,1.1741880054914746,0.013257154441363942,20,31
D09_9,1.7071864135471755,0.021660814446596417,20,3
D10_1,1.0339986173948028,0.02514856959867792,5,19
D10_10,1.1736487209719697,0.002329410277471513,40,19
D10_11,1.1854369562942237,0.005838408031094305,40,4
D10_12,1.4030657302965637,0.006144405011905852,40,7
D10_13,2.1216160795393217,0.009703651983999093,60,19
D10_14,1.5130155783624966,0.009252850024713797,60,4
D10_15,1.1261733677082313,0.0030296435006961493,60,7
D10_16,1.7194129685708317,0.006606094085403032,80,19
D10_17,2.4695960274681594,0.010027678609111298,80,4
D10_18,1.7318342942048122,0.006930669678313003,80,7
D10_19,1.8884662701568082,0.005905643749180418,100,19
D10_2,0.5721290203026066,0.0033006264792705617,5,4
D10_20,1.8424899725130353,0.005636363070395012,100,4
D10_21,1.8415874921207527,0.00630056385200248,100,7
D10_22,1.5203516253617009,0.0017702577457371215,400,19
D10_23,1.9511616558233111,0.0028673462841371134,400,4
D10_24,1.211395994981836,5.966225882337231e-4,400,7
D10_25,1.4207485836793656,7.948985711456614e-4,600,19
D10_26,1.6415648070631674,0.0027199148465728816,600,4
D10_27,1.5988980594923974,0.0019535014945943957,600,7
D10_28,1.2890319874904275,4.8180612768785474e-4,1000,19
D10_29,1.469637471784313,0.001357698173267437,1000,4
D10_3,0.7579589310588497,0.011531841569980992,5,7
D10_30,1.253154902512826,0.0010380484897830984,1000,7
D10_4,0.9106427678329188,0.011896506174483748,10,19
D10_5,0.7339620474091927,0.005034601877631728,10,4
D10_6,1.165309158800205,0.01590983132981023,10,7
D10_7,1.138341515311036,0.007534456981228239,20,19
D10_8,1.363270782185937,0.012815868997717618,20,4
D10_9,1.3925537534775776,0.013999871992875055,20,7
D11_1,1.5548519579976259,0.052601721037909985,5,11
D11_10,1.612181434386162,0.008450908172271085,40,11
D11_11,0.7962876959058088,1e-7,40,27
D11_12,1.2702361039631345,0.00728735790911616,40,10
D11_13,1.6828047582553158,0.00682174999507448,60,11
D11_14,1.0709320189690963,1e-7,60,27
D11_15,1.5652423065468024,0.00665269176093956,60,10
D11_16,2.3344975602592086,0.00743014604375592,80,11
D11_17,2.3975331272088987,0.008300554379220717,80,27
D11_18,2.4035958546678313,0.0085789683541232,80,10
D11_19,1.7936372137656087,0.005405183982230561,100,anc5
D11_2,1.1116855979304912,0.020702573104593204,5,27
D11_20,1.5064575805604468,0.0032168208969771037,100,27
D11_21,2.346891631837162,0.008278012374856081,100,10
D11_22,2.121062620756665,0.005366060140341544,400,11
D11_23,2.216777941984091,0.004796962009261637,400,27
D11_24,1.3283325451398094,0.0012466383945893226,400,10
D11_25,1.491693622339368,0.0025012378989533106,600,11
D11_26,1.3806322554400972,0.0014709898849775283,600,27
D11_27,1.578276935940781,0.002517779169230337,600,10
D11_28,1.5941517340787175,0.002846114873299331,1000,11
D11_29,1.7501618596448203,0.0021296134252169418,1000,27
D11_3,0.7173425516068609,0.010045815067154962,5,10
D11_30,1.2889277878368608,0.0015625211306625987,1000,10
D11_4,1.3362927285916488,0.025534234273248885,10,11
D11_5,0.6243135570184565,1e-7,10,27
D11_6,1.2189837775756127,0.02307149580636317,10,10
D11_7,1.837348578744389,0.02296781497567913,20,11
D11_8,0.945855694153975,0.0020585169444684377,20,27
D11_9,1.1742915241006902,0.017699890854167014,20,10
E02_1,1.114687174286185,0.018823132745273433,5,1
E02_10,1.4252709194441067,0.006034331606568454,40,1
E02_11,1.1558946208543421,0.005867064995858374,40,26
E02_12,1.1716672094744993,0.008288432154505986,40,anc4
E02_13,1.4882530339621503,0.005647092237086317,60,1
E02_14,1.4855461297089692,0.008888286788424316,60,26
E02_15,1.4893186998906378,0.007395268320236824,60,anc4
E02_16,1.9706619972798405,0.00523216137094116,80,1
E02_17,2.1258550035475423,0.006580374576859138,80,26
E02_18,1.585190093987286,0.006271088337708108,80,anc4
E02_19,1.5691289699965474,0.004311574091064555,100,1
E02_2,1.2470527628380084,0.03208032464315417,5,26
E02_20,1.8664508892732152,0.0059649648711426455,100,26
E02_21,2.1943932970048596,0.007421900452379453,100,anc4
E02_22,1.4264480938272386,0.0016018147304491766,400,1
E02_23,2.0458968213610262,0.004016191190114957,400,26
E02_24,1.8644962659710866,0.0035313147370829192,400,anc4
E02_25,1.6963117941672234,0.001861833237841522,600,1
E02_26,2.09800427060752,0.002610528267871269,600,26
E02_27,2.1831141071738074,0.0034945135355374723,600,anc4
E02_28,1.307529966259938,0.00045491175797170125,1000,1
E02_29,1.8214837274591793,0.0020921472785845863,1000,26
E02_3,1.4081574733860234,0.04458992793968768,5,anc4
E02_30,2.064391804322828,0.0034483469630970432,1000,anc4
E02_4,1.1041162479717161,0.01546891475735982,10,1
E02_5,1.191623939330782,0.021810233575040035,10,26
E02_6,1.767402923829009,0.0483384957013849,10,anc4
E02_7,1.2416047962179022,0.01075999829481515,20,1
E02_8,1.5821191792186886,0.023746704757680048,20,26
E02_9,1.28044965218417,0.017209271852292506,20,anc4
E03_1,1.1010563443467247,0.019981608949783188,5,25
E03_10,1.407179655285884,0.006234282003175038,40,25
E03_11,1.4766280216399008,0.0067381836640343275,40,28
E03_12,1.250986119077611,0.003502398806988908,40,30
E03_13,1.419290644695958,0.004867034653738403,60,25
E03_14,1.5586832404961122,0.00684479344273081,60,28
E03_15,1.841733614684721,0.008241473429605586,60,30
E03_16,2.1181516868832224,0.0062574205549126415,80,25
E03_17,2.380811826730438,0.009312791564895501,80,28
E03_18,1.9750139694026672,0.009349873009597491,80,30
E03_19,1.759586952284905,0.004711451230411426,100,25
E03_2,0.8363272877162287,0.00866344481633892,5,28
E03_20,1.6762576679848036,0.001990142573953208,100,28
E03_21,2.1119460078273504,0.006626329565254554,100,30
E03_22,1.6303669965579284,0.003480952417656823,400,25
E03_23,1.97860237620939,0.0016954070914489382,400,28
E03_24,1.8914127084110366,0.002169034120935007,400,5
E03_25,1.6942932988095485,0.001784699609867525,600,25
E03_26,1.869927529046432,0.0014562184276835828,600,28
E03_27,1.3070033944201802,7.768775207620702e-4,600,30
E03_28,1.3292220581549414,3.319664770285241e-4,1000,25
E03_29,1.8276445239602606,0.0019280611212815215,1000,28
E03_3,1.7835748690134088,0.060124088375555815,5,30
E03_30,1.218367972694847,1.0914450434292472e-4,1000,30
E03_4,1.558649966771749,0.02530914550465297,10,25
E03_5,1.7146874875722988,0.03729281602824486,10,28
E03_6,1.7183807441373518,0.025286210999631357,10,30
E03_7,1.5329245553353776,0.015552021493839397,20,25
E03_8,0.9316610115983818,1e-7,20,28
E03_9,1.2934726308052138,0.009669075253149794,20,30
E04_11,1.5246894091573748,0.00957840572286837,40,2
E04_12,1.3627022131725843,0.011211226377887707,40,16
E04_14,2.0003495482722995,0.01182047274229544,60,2
E04_15,1.5059955453314857,0.0067986438442531535,60,16
E04_17,2.0501905366430266,0.006481452230525361,80,2
E04_18,1.491717325682718,0.005169669210298126,80,16
E04_2,0.694932243002975,0.009968046937045179,5,2
E04_20,1.9689862771364148,0.005765961012087775,100,2
E04_21,2.3734334139656568,0.008095767587013865,100,16
E04_23,2.3276451386205377,0.005208518557229749,400,2
E04_24,1.7506135711876454,0.0024023330243700884,400,16
E04_26,2.356602915610062,0.003495985829486526,600,2
E04_27,1.607646905399478,0.0020393514959759014,600,16
E04_29,1.865995618812518,0.0024552899483530153,1000,2
E04_3,1.0830334221273366,0.031666595994605966,5,16
E04_30,1.6787696334164153,0.003033489061006681,1000,16
E04_5,1.0754884510750577,0.02205100318816349,10,2
E04_6,1.9002908589342213,0.04275761424384749,10,16
E04_8,1.180605846600874,0.017613039002500507,20,2
E04_9,1.4169197833176224,0.023944277861481438,20,16
E05_1,1.3334833938015642,0.04161082136155332,5,23
E05_10,1.4999977455150053,0.008145604685530055,40,23
E05_11,1.764492876909835,0.011331563135267685,40,anc2
E05_12,1.5939691543447543,0.012935839178791283,40,cc1690
E05_13,1.513703427124211,0.006042855282913372,60,23
E05_14,1.414518468022953,0.005965599380225779,60,anc2
E05_15,1.6383859236553968,0.007270868840741082,60,cc1690
E05_16,2.205693944942063,0.006160649256847474,80,23
E05_17,2.1418108594799277,0.007536763449944911,80,anc2
E05_18,1.5323800740473768,0.005333491455804169,80,cc1690
E05_19,1.9012080215837481,0.005461677528523764,100,23
E05_2,1.256064165469596,0.03342923302733764,5,anc2
E05_20,2.232070018005531,0.006657798955157871,100,anc2
E05_21,2.1272324861444845,0.007125168048485448,100,cc1690
E05_22,1.3532145175520027,0.0012504572417458787,400,23
E05_23,1.5903645406780333,0.0017388198031452037,400,anc2
E05_24,1.5781848960013038,0.0018315463254878668,400,cc1690
E05_25,1.3731834269324323,0.0019086711482902141,600,23
E05_26,1.654454741229658,0.002190251360195513,600,anc2
E05_27,1.399568444756163,0.0013303810548835418,600,cc1690
E05_28,1.5862159897087338,0.0020448898670572604,1000,23
E05_29,1.7775234400884807,0.003027836048527986,1000,anc2
E05_3,1.1332133154439747,0.031137958873586915,5,cc1690
E05_30,1.5252506565811585,0.002382839801391341,1000,cc1690
E05_4,1.481617784882491,0.0309320575240676,10,23
E05_5,1.1403734207877818,0.018535868886932417,10,anc2
E05_6,1.5120103666535987,0.03670215451021134,10,cc1690
E05_7,1.6419632261312387,0.022749120970951657,20,23
E05_8,1.3672301333340016,0.014589702665960342,20,anc2
E05_9,1.8471052340712188,0.03590781565831343,20,cc1690
E06_1,0.6859512196305682,0.005396114509747692,5,24
E06_10,0.849778217467388,1e-7,40,24
E06_11,1.405689134929364,0.0064999240968785016,40,18
E06_12,1.3275805308003696,0.0036578701511799133,40,29
E06_13,0.8483038339969723,1e-7,60,24
E06_14,1.299199442438193,0.0063967180791002914,60,18
E06_15,1.799500315774492,0.009519814861056472,60,29
E06_16,2.1938806219430704,0.005684810519927184,80,24
E06_17,2.265655529995525,0.008240376540840309,80,18
E06_18,1.5931849614551958,0.004991609117847955,80,29
E06_19,1.961053352473247,0.005932020670671394,100,24
E06_2,1.4346604379012247,0.03355191754147667,5,18
E06_20,2.152686797797615,0.0067055830899183325,100,18
E06_21,1.9675428971137485,0.004506348839118352,100,29
E06_22,1.7788308751009434,0.0025315281757444744,400,24
E06_23,1.8098263907523846,0.0022862828078295187,400,18
E06_24,1.6995077342782658,0.001990942021140108,400,29
E06_25,1.373853214847378,8.730467187714016e-4,600,24
E06_26,1.57395300851546,0.0024289596830656536,600,18
E06_27,1.4366460624402013,7.727986914089496e-4,600,29
E06_28,1.5562373626322306,0.001370012490046998,1000,24
E06_29,1.7982636250157182,0.0028478744396794823,1000,18
E06_3,1.9180396585621886,0.059015113157764074,5,29
E06_30,1.4399049450365535,0.0013536860875372927,1000,29
E06_4,0.7729709789433636,0.0013096057426387785,10,24
E06_5,1.3213723463808729,0.022416624742727747,10,18
E06_6,1.291801306780459,0.011216242208606576,10,29
E06_7,0.6940758731734289,1e-7,20,24
E06_8,1.263984361140176,0.01697435475618159,20,18
E06_9,1.8469005635457743,0.012369783793870012,20,29
E07_1,1.2750747682937649,0.030994938715164278,5,anc5
E07_10,1.2033834362912956,0.004627830239905137,40,anc5
E07_11,1.740444188955832,0.008448748538097708,40,17
E07_12,1.6199283563028746,0.013779866705554212,40,15
E07_13,1.4134995759535345,0.005716875751727664,60,anc5
E07_14,1.8074422034180904,0.003193296383207389,60,17
E07_15,1.5483969371669504,0.007372973807723899,60,15
E07_16,1.7396958423886797,0.0072770665204218,80,anc5
E07_17,1.9346848586201837,0.0034399890703622135,80,17
E07_18,1.704086323837018,0.007353943148548735,80,15
E07_19,2.0619859031619923,0.007007688483449505,100,11
E07_2,1.4264468923874474,0.021503693356141117,5,17
E07_20,1.6767013434367148,0.003092611469207272,100,17
E07_21,1.8423223598284117,0.00563731819621924,100,15
E07_22,1.8395949971073267,0.003346725578799379,400,anc5
E07_23,1.9960694003707948,0.002382020545173793,400,17
E07_24,1.5498109721223439,0.0019872530045436693,400,15
E07_25,1.4458957156848646,0.0013579147457447125,600,anc5
E07_26,1.5476028370482526,9.102549372625302e-4,600,17
E07_27,1.3678321005946044,0.0011345678043935905,600,15
E07_28,1.6147097139546103,0.002612998475141498,1000,anc5
E07_29,1.8092595994279308,0.001998804805089016,1000,17
E07_3,0.38116312159688315,0.004517261704873637,5,15
E07_30,1.4279247368004473,0.0012226636307473913,1000,15
E07_4,1.0140102337339691,0.015884249896602382,10,anc5
E07_5,1.4033620455834603,0.01891602449054004,10,17
E07_6,1.7669968444195252,0.04072956666593826,10,15
E07_7,1.3465827715425969,0.013344971727440359,20,anc5
E07_8,1.4256379704834796,0.0063915735295303755,20,17
E07_9,1.6275689146374461,0.03568227739679868,20,15
E08_1,1.0662749985051865,0.02849827333875909,5,33
E08_10,0.9646572845579967,0.0033276052725454675,40,33
E08_11,1.3498657112965937,0.0077260240645872155,40,9
E08_12,1.548276263675647,0.005602713683189269,40,30
E08_13,1.334088067645598,0.005006757541543047,60,33
E08_14,1.5021654065992833,0.009481543694961831,60,9
E08_15,1.5972414956090641,0.007888332508071109,60,30
E08_16,2.28296914614685,0.006847255831990871,80,33
E08_17,2.282642584125568,0.009977048278449396,80,9
E08_18,1.8432213745431918,0.007590366251553309,80,30
E08_19,1.924344671669166,0.006004302500097204,100,33
E08_2,1.1050167963243964,0.02376829532112624,5,9
E08_20,2.07452125234795,0.006048397565140108,100,9
E08_21,1.6519530749542615,0.0038349030178701513,100,30
E08_22,1.9464460300327748,0.00334862622447767,400,33
E08_23,1.8778563085430278,0.00243189888901867,400,9
E08_24,1.4814084736890945,0.0011584084238821536,400,5
E08_25,1.434412339513796,0.0015846209959421073,600,33
E08_26,1.3665465942800095,0.0018133777916063112,600,9
E08_27,1.2599781230950529,5.96091148709677e-4,600,30
E08_28,1.4131138292161234,0.0010432091255260583,1000,33
E08_29,2.161031201155038,0.001670417154211125,1000,9
E08_3,1.3441011611166307,0.03719231930579518,5,30
E08_30,1.2052497012080987,2.365422101537609e-4,1000,30
E08_4,1.232423789800172,0.021353074211942435,10,33
E08_5,1.0840340146933656,0.014879088535983334,10,9
E08_6,1.5615622114756404,0.021770229841645554,10,30
E08_7,1.2895387007850978,0.012613963809217347,20,33
E08_8,1.3439224162338008,0.02228647159696749,20,9
E08_9,1.7238923074761345,0.016701222427174756,20,30
E09_1,1.243913362763733,0.018105586660506334,5,6
E09_10,1.3018998069263874,0.0049024132949172005,40,6
E09_11,1.3757238300143073,0.001491510554496272,40,21
E09_12,1.2270415284610579,0.006551883459722256,40,20
E09_13,1.4576066248267028,0.006191944432277856,60,6
E09_14,1.676078729533924,0.002050207218793592,60,21
E09_15,1.3228939860255373,0.005738013074198207,60,20
E09_16,1.9216557935123362,0.0037690854304863654,80,6
E09_17,1.8091068914645627,0.002694200083423072,80,21
E09_18,1.687856504047018,0.006307375893201077,80,20
E09_19,1.6315310545397526,0.003506260663636764,100,6
E09_2,1.3466578057155296,0.011166870809963918,5,21
E09_20,1.837976528298947,0.0022035090865422774,100,21
E09_21,2.042384067395564,0.006803681259925489,100,20
E09_22,1.9612029826964676,0.0022395147700608,400,6
E09_23,1.9973179825931333,0.0021766455697741043,400,21
E09_24,1.43979297576653,0.001234323968532142,400,20
E09_25,1.3682957234824966,5.331200808133492e-4,600,6
E09_26,1.7748287262438855,0.0013096149428859854,600,21
E09_27,1.639721571319684,0.002200007664153062,600,20
E09_28,1.5074426105562626,0.001142055673901435,1000,6
E09_29,1.8512553267877234,0.003176673153309682,1000,21
E09_3,0.7175869768152848,0.01602675557844294,5,20
E09_30,1.2502389953715387,0.0010049894653584388,1000,20
E09_4,1.030120470660485,0.011319718411868202,10,6
E09_5,1.2368993970626958,0.00845515439652025,10,21
E09_6,1.4026612604303388,0.02946052472529283,10,20
E09_7,1.2283837881093373,0.008968573502989461,20,6
E09_8,1.1713407573272598,0.002393332014277865,20,21
E09_9,1.2628518548530259,0.019906716496100454,20,20
E10_1,1.1550152861624599,0.006577897371673102,5,8
E10_10,1.1019768228365925,1e-7,40,8
E10_11,1.4505499637011094,0.00926795673667325,40,22
E10_12,1.027346927895564,1e-7,40,5
E10_13,1.0956505281907065,1e-7,60,8
E10_14,1.5665354048461695,0.011003240202449397,60,22
E10_15,0.8769569970086883,1e-7,60,5
E10_16,1.7200608103348358,0.0032563359289780407,80,8
E10_17,2.0808607123416496,0.008878726716805823,80,22
E10_18,1.6876230852051743,0.007203546794657811,80,5
E10_19,1.8530110109240152,0.002790817751721038,100,8
E10_2,1.0906982920815214,0.02852316136921461,5,22
E10_20,1.6756040034243285,0.0036219405021052095,100,22
E10_21,1.7220505535518493,0.005899229833181017,100,5
E10_22,1.8261618613223078,0.003498093402231814,400,8
E10_23,2.075032149527059,0.0044682058775861065,400,22
E10_24,1.3971417343423402,0.0012941977930566759,400,30
E10_25,1.4669305676556466,0.0025008608059567928,600,8
E10_26,1.6681609927003478,0.002373338047223006,600,22
E10_27,1.7870263518349283,0.0024369590657345626,600,5
E10_28,1.7270590721728343,0.0022469039254324314,1000,8
E10_29,1.88671799450389,0.003871384478813816,1000,22
E10_3,0.7973441424848229,0.009681729451717615,5,5
E10_30,1.3441784447196057,0.0010308249940392319,1000,5
E10_4,1.1531074270592183,0.0034070499783838593,10,8
E10_5,1.410063587716133,0.02632955901045967,10,22
E10_6,0.9524825171928234,0.010454915585458129,10,5
E10_7,1.4022509781785613,0.0032580173200617577,20,8
E10_8,1.109235506561634,0.01263429958530108,20,22
E10_9,0.9398102231585741,0.008068718605409848,20,5
E11_1,0.5023771660577059,1e-7,5,24
E11_10,0.8749935562414242,1e-7,40,24
E11_11,1.434069186209745,0.008599727279337315,40,18
E11_12,1.4060859390104183,0.008304680927455614,40,16
E11_13,1.2249289127755807,1e-7,60,24
E11_14,1.790524557703866,0.01073511320970509,60,18
E11_15,1.5505882275413854,0.005487898836312721,60,16
E11_16,2.1429650791191786,0.005110768643116132,80,24
E11_17,2.253331521589867,0.009139697038881909,80,18
E11_18,1.8929266426726747,0.007196588220629372,80,16
E11_19,1.8738965703067003,0.005507127683025904,100,24
E11_2,1.033437404829914,0.01640584362252159,5,18
E11_20,1.7199236491282484,0.004061033645783966,100,18
E11_21,2.5877172745529915,0.008440364284837996,100,16
E11_22,2.0546745004179687,0.004055466212979058,400,24
E11_23,1.8220645035725649,0.002954181930491779,400,18
E11_24,1.3419503949229814,0.0014472694915522698,400,16
E11_25,1.506496460987465,0.0013228648821987912,600,24
E11_26,1.7345410284110478,0.0029518957466559475,600,18
E11_27,1.4016049417752137,0.002355905855767868,600,16
E11_28,1.6656200436871733,0.0015378772128499764,1000,24
E11_29,1.5119524885911992,0.0021046121691538186,1000,18
E11_3,1.254435074587171,0.032276151397395154,5,16
E11_30,1.573694570559576,0.002781398087457213,1000,16
E11_4,0.9063087106714895,0.0060749709208898425,10,24
E11_5,1.8719312439376081,0.03494247566949658,10,18
E11_6,1.19643598970151,0.020041122644324148,10,16
E11_7,0.7030670598786863,1e-7,20,24
E11_8,1.085121759098496,0.009993641490681139,20,18
E11_9,1.5774310771246483,0.02759436310573388,20,16
F02_1,1.0602128851400359,0.01649548383859143,5,25
F02_10,1.8217286620251592,0.00840494003658563,40,25
F02_11,1.8771149668042506,0.018716621350454498,40,28
F02_12,1.3434520113902946,0.010630932961484573,40,15
F02_13,1.7645996903964343,0.006039429258644578,60,25
F02_14,1.8510678077869673,0.007849823157215347,60,28
F02_15,1.4951392487007693,0.007523414415888606,60,15
F02_16,2.1609930338710788,0.006741522309502751,80,25
F02_17,1.7743443971143626,0.007547293595942201,80,28
F02_18,1.403393944978135,0.0034024974055267936,80,15
F02_19,1.6215860251729863,0.0043375556483854945,100,25
F02_2,0.731852003330059,0.001489922235579195,5,28
F02_20,1.6138941371055788,0.0023702689773780015,100,28
F02_21,1.5814005527483463,0.0038148050142845225,100,15
F02_22,1.6053634507905055,0.0033572755270110826,400,25
F02_23,1.8932595709769795,0.0019391601985354594,400,28
F02_24,1.67847401620232,0.0020828981597612265,400,15
F02_25,1.470997837910654,0.0015116057832729101,600,25
F02_26,1.6580505231767966,8.684217903671478e-4,600,28
F02_27,1.2943483315219468,9.044037704603624e-4,600,15
F02_28,1.2590796102454838,2.5486870298625574e-4,1000,25
F02_29,1.9055899155241929,0.0024602169330057476,1000,28
F02_3,0.4585881835367348,0.002976112899746182,5,15
F02_30,1.7612619876882452,0.0017469871017824201,1000,15
F02_4,1.3733571055681542,0.019896216804023887,10,25
F02_5,1.6574323511359137,0.031073693715017354,10,28
F02_6,1.65470501495797,0.05295018083348424,10,15
F02_7,1.4611474920265355,0.013859531044889002,20,25
F02_8,0.945852073055298,1e-7,20,28
F02_9,1.209474375710667,0.014853072679982109,20,15
F03_1,1.2661845323465195,0.028753393288408653,5,19
F03_10,0.9112060275965498,0.0018187221321300721,40,19
F03_11,1.1282642385207067,0.004760435310189441,40,4
F03_12,1.3356239409140573,0.00564636274981228,40,7
F03_13,1.2379123772932386,0.0037152574638990607,60,19
F03_14,1.4968708138296414,0.008517150596748523,60,4
F03_15,1.636634566643462,0.008028988011898693,60,7
F03_16,1.8477176259246062,0.006366453481312082,80,19
F03_17,2.21204309427202,0.006757558958641019,80,4
F03_18,1.47426104391168,0.005719964927039565,80,7
F03_19,1.487614522078049,0.0038481355516279355,100,19
F03_2,0.9939799005564793,0.020507190381878253,5,4
F03_20,2.3247904425181827,0.007287264751318396,100,4
F03_21,1.7698200052182809,0.006251777788206607,100,7
F03_22,1.344303947022476,5.872769742944923e-4,400,19
F03_23,1.969910292323297,0.0026464740263764048,400,4
F03_24,1.844494479064098,0.0021690519141424735,400,7
F03_25,1.0583779799720063,1e-7,600,19
F03_26,2.3141772877699847,0.003047810159068748,600,4
F03_27,1.6577869214542398,0.0018709619612173498,600,7
F03_28,1.3038030709283601,3.870969701885251e-4,1000,19
F03_29,1.8012400925477567,0.00209546254318351,1000,4
F03_3,1.2461196925111566,0.028170013374311288,5,7
F03_30,1.2239312008427505,3.8071269749443315e-4,1000,7
F03_4,1.0663261605799481,0.017354430019064348,10,19
F03_5,0.9347861116484368,0.012321498219098923,10,4
F03_6,0.8602361130568785,0.007572807391377998,10,7
F03_7,1.3187845547521015,0.011210301331924256,20,19
F03_8,1.0702540644438883,0.011441107704668883,20,4
F03_9,1.7185363527255122,0.015913663487503595,20,7
F04_1,1.5750392190741294,0.03160087472540539,5,6
F04_10,1.1161369656680526,0.0030647296392552702,40,6
F04_11,1.394011575693008,0.0016356565045680842,40,21
F04_12,1.3866066186551225,0.005239218068242054,40,29
F04_13,1.6578171982373122,0.008930652758939207,60,6
F04_14,1.6801269356248805,0.0024226912871329175,60,21
F04_15,1.6520371781582477,0.009573245197098082,60,29
F04_16,1.659294189628432,0.003865728834678426,80,6
F04_17,1.7924060222072553,0.0029295397605846496,80,21
F04_18,1.8128627178801804,0.010229512103851427,80,29
F04_19,1.4060480621036187,0.003880267741968011,100,6
F04_2,1.4709089737905663,0.010222396937562746,5,21
F04_20,1.938695225173276,0.0035544417018729397,100,21
F04_21,1.6607726759958872,0.00617213399328535,100,29
F04_22,1.4360044242086325,0.0010190227040107408,400,6
F04_23,2.0303540063722494,0.0018858471435259172,400,21
F04_24,1.619452778211064,0.0019882000472990742,400,29
F04_25,1.1799555420368188,1.2226551361211682e-4,600,6
F04_26,1.9150248693550445,0.001633396000649005,600,21
F04_27,1.140414878397691,8.297382130882818e-5,600,29
F04_28,1.2234698072675825,3.394502208221236e-4,1000,6
F04_29,1.6767501001452145,0.0016995245085509344,1000,21
F04_3,1.580329649024681,0.04859511064997014,5,29
F04_30,1.1616432759281115,1.9344049239134524e-4,1000,29
F04_4,1.3812400455534453,0.019238874117023956,10,6
F04_5,1.347321587656735,0.005989690734053376,10,21
F04_6,1.2180645585632255,0.01231896605884059,10,29
F04_7,1.2495592893201963,0.008789030967009842,20,6
F04_8,1.4613268922939193,0.003417224768183152,20,21
F04_9,1.7579513913860878,0.009639786408703867,20,29
F05_1,1.0162563381994996,0.020204528496492385,5,anc5
F05_10,0.9875350369665754,0.0028555143600042863,40,anc5
F05_11,1.9636706307565497,0.008881168034371317,40,17
F05_12,1.0888252611082507,0.0058774131562328615,40,anc3
F05_13,1.5651329943881422,0.0069532041961482835,60,anc5
F05_14,2.0483335867344854,0.006225122907682224,60,17
F05_15,1.6633713660497078,0.009335911822606298,60,anc3
F05_16,2.393032205027263,0.008584671849588174,80,anc5
F05_17,2.081916328201191,0.00493735312519703,80,17
F05_18,1.4216054486552214,0.005271721232769233,80,anc3
F05_19,1.4629176756325906,0.0047717272107977845,100,11
F05_2,1.4407918851911707,0.019602275235836984,5,17
F05_20,1.8900394054462724,0.0027620005610201614,100,17
F05_21,1.6027593040721975,0.005617034996518644,100,anc3
F05_22,1.6490565639286379,0.0032294011211968475,400,anc5
F05_23,1.9891052005050993,0.002600770507771502,400,17
F05_24,1.4548282556566734,0.0018222095862639315,400,anc3
F05_25,1.2478278475687843,0.001434169634516441,600,anc5
F05_26,1.4814319156729552,8.053227238225416e-4,600,17
F05_27,1.2860752704512577,7.263894781810381e-4,600,anc3
F05_28,1.420303809772466,0.0021962074930696263,1000,anc5
F05_29,1.6815576674351032,0.0014039251711956604,1000,17
F05_3,0.8668901933151246,0.021478681337942996,5,anc3
F05_30,1.3357360021754292,0.0012373224907532773,1000,anc3
F05_4,1.2355170154161665,0.020435294929157986,10,anc5
F05_5,1.7982622282358232,0.02485107513037912,10,17
F05_6,1.8597173797450979,0.04597053890935302,10,anc3
F05_7,1.2556132828232525,0.010930996636296764,20,anc5
F05_8,2.0542686393782383,0.013064715353497866,20,17
F05_9,1.1522932557097905,0.017285286923681153,20,anc3
F06_1,1.2549415186302206,0.006909265850938834,5,8
F06_10,1.0280120050998776,1e-7,40,8
F06_11,1.5823367995831443,0.008417796475313563,40,22
F06_12,1.4133185913288693,0.008576859724786307,40,anc4
F06_13,1.3582897046872637,0.002052283444429442,60,8
F06_14,1.189840006906367,0.003908222135924188,60,22
F06_15,1.4773747407980162,0.006733739195680578,60,anc4
F06_16,1.7136689577326178,0.0032440889969623955,80,8
F06_17,2.2964255266363316,0.007737508588109678,80,22
F06_18,1.648692612614479,0.006268304658770471,80,anc4
F06_19,1.783907372826399,0.0025993028316496952,100,8
F06_2,1.2243013080305811,0.03376178153314075,5,22
F06_20,1.9771638859718303,0.006010564129308709,100,22
F06_21,1.8992921608655489,0.006829828600287182,100,anc4
F06_22,1.2547883871650516,6.559117483224589e-4,400,8
F06_23,1.9900156697044635,0.003715779271130721,400,22
F06_24,1.379183218514051,0.002107436602814606,400,anc4
F06_25,1.6734443515131605,0.0027656381343381282,600,8
F06_26,1.1906993834344581,6.333081870358038e-4,600,22
F06_27,1.3109750831193758,0.001465433649181383,600,anc4
F06_28,1.631873316240579,0.0023067677575265362,1000,8
F06_29,1.705587110018348,0.0036189000375449784,1000,22
F06_3,1.1636496914538421,0.030372120979952743,5,anc4
F06_30,1.2930002134967702,0.0020960830572848994,1000,anc4
F06_4,1.2374612211239722,0.0029145730760255523,10,8
F06_5,1.6823851692124443,0.03201061573010344,10,22
F06_6,1.536691434507792,0.03694419413777062,10,anc4
F06_7,1.3569954140120681,0.003346783675934054,20,8
F06_8,1.3475418214805766,0.014322912318820885,20,22
F06_9,1.8646864718926548,0.03334375166915552,20,anc4
F07_1,0.8381410307150006,0.019694170186560344,5,32
F07_10,1.2294043823806995,0.0057623145750046205,40,32
F07_11,1.2326023745202486,0.004559320804349127,40,35
F07_12,1.3939795548421254,0.0075502882262478066,40,cc1690
F07_13,1.290893558939177,0.004098435045561838,60,32
F07_14,1.3953775007975062,0.003334238119240827,60,35
F07_15,1.4993911050651676,0.005800883049771813,60,cc1690
F07_16,2.3163559756385554,0.007101098188653395,80,32
F07_17,1.5271286794709233,0.0034266971090663543,80,35
F07_18,1.6100744527695394,0.005470783501778044,80,cc1690
F07_19,1.8773779650147524,0.005747291287706914,100,32
F07_2,1.5660313939618116,0.030053036284942304,5,35
F07_20,1.8741356134370577,0.005342573339235029,100,35
F07_21,1.7583835909133154,0.005436019872766527,100,cc1690
F07_22,1.9831634232366158,0.0028659143569910025,400,32
F07_23,1.7224564207020447,0.002025362763176511,400,35
F07_24,1.2142122191842661,7.758336372041645e-4,400,cc1690
F07_25,1.300935482235689,6.483779720200467e-4,600,32
F07_26,1.6210212097030354,0.0015690550420336923,600,35
F07_27,1.313383300720837,9.444616800515221e-4,600,cc1690
F07_28,1.3839923470456221,0.0013879280637919336,1000,32
F07_29,1.7136352879325287,0.0028734367572202588,1000,35
F07_3,1.1051363541123693,0.02980775686608284,5,cc1690
F07_30,1.2224469794239914,0.001514389306425784,1000,cc1690
F07_4,1.4312855730781369,0.026074671309791717,10,32
F07_5,1.3666627721027662,0.023387174730282657,10,35
F07_6,1.3681342056491685,0.030521701904531136,10,cc1690
F07_7,1.5552886976851272,0.017026077396607445,20,32
F07_8,1.1125081279657418,0.0055023607732998395,20,35
F07_9,1.6042998121629122,0.027393120749481928,20,cc1690
F08_1,1.2480601312045183,0.02388122773057943,5,14
F08_10,1.2356554004422287,0.004334926065384013,40,14
F08_11,1.5306795037450378,0.009106340210071175,40,31
F08_12,1.3273919679739519,0.005458474205651931,40,10
F08_13,1.32850968529038,0.003908728640768903,60,14
F08_14,1.249854053291376,0.004465734269588775,60,31
F08_15,1.5222442145070185,0.005929257825680054,60,10
F08_16,1.9412374379798445,0.005827332437195785,80,14
F08_17,2.056731917682877,0.006797348307694939,80,31
F08_18,1.6383207193206673,0.005721402814234796,80,10
F08_19,1.709871328903136,0.005044488977946095,100,14
F08_2,1.2823980934062393,0.025300531158926998,5,31
F08_20,1.5700337975393053,0.003014679739048588,100,31
F08_21,1.468181026178565,0.004177590942532637,100,10
F08_22,1.8734049261399908,0.0032287195552080567,400,14
F08_23,1.5683080696744816,0.0016778346054343442,400,31
F08_24,1.5147845226674974,0.0017808254948104307,400,10
F08_25,1.2774082257831254,0.0010010735192447036,600,14
F08_26,1.4045847229383321,0.0013867932050793505,600,31
F08_27,1.454863590289932,0.0019296250737851125,600,10
F08_28,1.3741426317982859,0.0014669280942438297,1000,14
F08_29,1.4813541252476063,0.0021547289325837384,1000,31
F08_3,0.8269832474164674,0.01715181153256089,5,10
F08_30,1.2807029283672142,0.0013546046708909029,1000,10
F08_4,0.8928067867850201,0.0085647461102613,10,14
F08_5,1.3743219682457082,0.023520849468098116,10,31
F08_6,1.599554613637374,0.03163638447636652,10,10
F08_7,1.0400477692983137,0.007887247670222678,20,14
F08_8,1.2509870065656756,0.011495596315054533,20,31
F08_9,1.2714826680388933,0.01236542163182235,20,10
F09_11,1.6214178618776367,0.010880103322266325,40,2
F09_12,1.5890396832176579,0.006629359468100676,40,3
F09_14,1.3382327729208408,0.007378676203688839,60,2
F09_15,1.677131698128809,0.005746214741794459,60,3
F09_17,2.4257166309728104,0.010035753894571712,80,2
F09_18,1.6314099420353225,0.00553950485364003,80,3
F09_2,1.013388397189174,0.016074395274303075,5,2
F09_20,1.6965742763185023,0.004816176127653131,100,2
F09_21,1.6049612914891627,0.005004311484545908,100,3
F09_23,2.6161019366034974,0.006538733754283681,400,2
F09_24,1.2112874725057834,0.0010158392557697243,400,3
F09_26,1.5521564579190579,0.0038980512991819366,600,2
F09_27,1.2562594117976842,0.0017054908460521153,600,3
F09_29,1.84915929262552,0.0046260874379337865,1000,2
F09_3,1.3204373092946207,0.030296651644128085,5,3
F09_30,1.1596741963815975,4.7405531365103215e-4,1000,3
F09_5,1.2617845787435094,0.02110147575977119,10,2
F09_6,2.2267631944546156,0.03624049093879646,10,3
F09_8,1.6866140227320896,0.01902467785704779,20,2
F09_9,1.7261808138339423,0.019263200603816318,20,3
F10_1,1.3578401093715176,0.03131889504523274,5,23
F10_10,1.696831115437871,0.008703589006792715,40,23
F10_11,1.4723658076710344,0.009593035659147382,40,anc2
F10_13,1.5579559214610748,0.004794489110060409,60,23
F10_14,1.4219034441378666,0.007558289691570648,60,anc2
F10_16,2.3681719847662803,0.006554790899936269,80,23
F10_17,2.1126161455075896,0.007819847281553403,80,anc2
F10_19,1.547859266886978,0.004154331282516151,100,23
F10_2,1.223317177703742,0.028492152511738686,5,anc2
F10_20,1.7663218115213055,0.004946860526985638,100,anc2
F10_22,1.6880152910147854,0.003008119140958408,400,23
F10_23,1.6933268200551554,0.0024356896143141547,400,anc2
F10_25,1.2235371149226153,7.626291306629506e-4,600,23
F10_26,1.3598836348692402,0.0011383204098424325,600,anc2
F10_28,1.6516826304595773,0.002384728220666266,1000,23
F10_29,1.7585465741286517,0.003302203526714241,1000,anc2
F10_4,1.6338790352050419,0.0285451781822085,10,23
F10_5,1.1814928730999028,0.01622389193446812,10,anc2
F10_7,1.3614895554147222,0.014857070874136659,20,23
F10_8,1.5626625088327462,0.016930520523494155,20,anc2
F11_1,0.6105450642977828,0.004408537078270762,5,1
F11_10,1.4939816805758146,0.006569027885916051,40,1
F11_11,1.2452002865350709,0.00626373753875317,40,26
F11_13,1.5901183091311895,0.006325522110906693,60,1
F11_14,1.804528489431272,0.012077971681958294,60,26
F11_16,1.8638354998443605,0.006613067676043435,80,1
F11_17,2.439961155960111,0.011520463176403503,80,26
F11_19,1.4812418703582724,0.0040309228495945286,100,1
F11_2,0.9861343450272999,0.019091961549632195,5,26
F11_20,1.9056285115880858,0.006319205085820459,100,26
F11_22,1.5246388477065829,0.0021779005696824453,400,1
F11_23,1.795142534259739,0.002983221194499827,400,26
F11_25,1.267502896174413,4.99655299501934e-4,600,1
F11_26,1.7293175963045402,0.0031646676045579457,600,26
F11_28,1.5864775962669146,0.0012853233571862362,1000,1
F11_29,1.60396532194167,0.003058176126290111,1000,26
F11_4,1.0264462992261523,0.011160878470163862,10,1
F11_5,1.2843497919870805,0.01785829301545235,10,26
F11_7,1.2282102263993389,0.009972396983074196,20,1
F11_8,1.3112058203289942,0.01321743700507464,20,26
G02_1,1.5372293455333694,0.038975676154225466,5,11
G02_10,1.3641595363997654,0.007073490230840412,40,11
G02_11,0.8557281675164078,1e-7,40,27
G02_13,1.7092361474479012,0.006079380258681968,60,11
G02_14,0.8446239734134751,1e-7,60,27
G02_16,2.182183501828803,0.007405330604549564,80,11
G02_17,1.2363667740523525,0.0035640421072833184,80,27
G02_19,1.5290185955204965,0.004433818309604618,100,anc5
G02_2,1.0903248087334148,0.02359046170983418,5,27
G02_20,1.6249974980697979,0.006878334278651724,100,27
G02_22,1.1840726526091807,0.0011372519696911621,400,11
G02_23,2.540321951799206,0.0043320172291646435,400,27
G02_25,1.9496165776492256,0.00433228472057579,600,11
G02_26,1.9257318823109106,0.0016264785526246964,600,27
G02_28,1.8245984992300375,0.0036737556826560882,1000,11
G02_29,1.4675962512153597,6.917478549855978e-4,1000,27
G02_4,1.5400132940112892,0.033497979176739044,10,11
G02_5,0.6229776993941947,1e-7,10,27
G02_7,1.5022513712242267,0.017176630953907313,20,11
G02_8,0.9115472396002279,0.005884134941887834,20,27
G03_1,1.1877583134202625,0.025193816887432947,5,33
G03_10,1.506234597140075,0.007913911369058196,40,33
G03_11,1.3840546879801912,0.007433173144459609,40,9
G03_13,1.3255291297053442,0.0048179030529253,60,33
G03_14,1.4556139627927247,0.006646975482844851,60,9
G03_16,2.218323687266065,0.007145877317026054,80,33
G03_17,1.7793634045860303,0.00612915320895342,80,9
G03_19,1.735312123121878,0.005159899096343113,100,33
G03_2,0.8766807360033883,0.018437359954719602,5,9
G03_20,2.0530297274951237,0.007019163803952611,100,9
G03_22,1.6280557461987781,0.0026099567989374,400,33
G03_23,1.8883028952316347,0.0015562224528752376,400,9
G03_25,1.2078658544583696,0.0011199624103812391,600,33
G03_26,1.9016397360727053,0.0018006413158493414,600,9
G03_28,1.4187168720932744,9.705262557488505e-4,1000,33
G03_29,1.8272412587806597,0.0024283567273609935,1000,9
G03_4,1.5880109392979385,0.032470138842395115,10,33
G03_5,1.1237344610407813,0.021587368947667884,10,9
G03_7,1.2487376697099921,0.010473292396307454,20,33
G03_8,1.2641382937572996,0.012840797479196116,20,9
