well_plate,r,nitrate_concentration,population,alpha
B02_1,1.3386793618324504,5,25,0.03744862032566322
B02_10,1.5236993789764073,40,25,0.005767376507983473
B02_11,1.2483787482698807,40,28,0.0012504327389754456
B02_12,1.5093556744800132,40,15,0.0056758999941040646
B02_13,1.7118521342708,60,25,0.0030747100823752347
B02_14,1.6724526237647739,60,28,0.004113887091060147
B02_15,1.9423159028885362,60,15,0.003233363568933419
B02_16,1.981885771803687,80,25,1e-7
B02_17,1.9440499037161874,80,28,1e-7
B02_18,1.7671237739127605,80,15,1e-7
B02_19,1.8715571421376118,100,25,1e-7
B02_2,1.2320672308674208,5,28,0.028794420748447055
B02_20,1.4917046514730719,100,28,1e-7
B02_21,2.3505450153076946,100,15,1e-7
B02_22,2.175714263953721,400,25,1e-7
B02_23,1.8529464287990742,400,28,1e-7
B02_24,1.8750586697192824,400,15,1e-7
B02_25,1.7870703683361735,600,25,1e-7
B02_26,1.908248349349537,600,28,1e-7
B02_27,2.5247426442737164,600,15,1e-7
B02_28,1.7140754703695444,1000,25,1e-7
B02_29,1.907077843217687,1000,28,1e-7
B02_3,0.2519932407410284,5,15,0.05074992083762631
B02_30,1.791074938807736,1000,15,1e-7
B02_4,1.5884657010224177,10,25,0.027050884651657194
B02_5,1.7357615418169936,10,28,0.018787422520209374
B02_6,0.7957606206633728,10,15,0.04698986828977856
B02_7,1.2362892526631026,20,25,0.013577758983220122
B02_8,0.7878338101476053,20,28,0.007317092966215534
B02_9,1.4735183973200927,20,15,0.014979685355288316
B03_1,0.7234163010593466,5,19,0.048731461762505805
B03_10,0.9757026790185634,40,19,0.007754532038642139
B03_11,1.1650239927865687,40,4,0.006762052431104253
B03_12,1.809994298310236,40,3,0.0039917070348227755
B03_13,1.3883405423354538,60,19,0.005872343569743207
B03_14,1.409730226986498,60,4,0.005788656321177978
B03_15,1.4846487270254514,60,3,0.0022625734380830043
B03_16,1.8259941033389244,80,19,9.818118772663752e-4
B03_17,1.897974288893512,80,4,7.759171718055601e-5
B03_18,2.6489777195165716,80,3,1e-7
B03_19,1.4867382527668074,100,19,1e-7
B03_2,0.801741952589569,5,4,0.049371801329353565
B03_20,1.86232869441669,100,4,1e-7
B03_21,2.2000347079804583,100,3,1e-7
B03_22,2.014602799629753,400,19,1e-7
B03_23,2.031501847245561,400,4,1e-7
B03_24,1.7274638654278958,400,3,1e-7
B03_25,1.4724897790768405,600,19,1e-7
B03_26,2.1939832666647274,600,4,1e-7
B03_27,1.4945552686973707,600,3,1e-7
B03_28,1.4969317206601047,1000,19,1e-7
B03_29,1.9225525476666956,1000,4,1e-7
B03_3,1.096181287598764,5,3,0.03432359469541324
B03_30,1.9880303946224263,1000,3,1e-7
B03_4,1.3523389175280915,10,19,0.03888013056297483
B03_5,0.79343185327458,10,4,0.031263459270293954
B03_6,1.4799684371809414,10,3,0.022344782679915375
B03_7,0.9949023271577457,20,19,0.01544781293909522
B03_8,1.0233019401304266,20,4,0.02344697058417332
B03_9,1.6977599446243692,20,3,0.012438472285564212
B04_1,0.6910438808590046,5,14,0.043717139944634095
B04_10,1.2753070069793362,40,14,0.005241277105101764
B04_11,1.2031399205440876,40,31,0.004349086948164908
B04_12,1.300241105318087,40,cc1690,0.008777981133115113
B04_13,1.4238236053846314,60,14,0.003443794358012016
B04_14,1.709458022068524,60,31,0.005711438072898959
B04_15,1.722506305426485,60,cc1690,0.0028486430888055273
B04_16,1.883718451404328,80,14,4.547519586099551e-4
B04_17,1.6537689325790423,80,31,1e-7
B04_18,2.379846144185247,80,cc1690,1.372426610655614e-4
B04_19,2.0785941265186763,100,14,1e-7
B04_2,0.8250249295511279,5,31,0.03990335542953834
B04_20,2.3221505632042385,100,31,1e-7
B04_21,2.3642294805717907,100,cc1690,1e-7
B04_22,2.2089395243335104,400,14,1e-7
B04_23,1.816490650087554,400,31,1e-7
B04_24,1.667115589532367,400,cc1690,1e-7
B04_25,1.3659991368623394,600,14,1e-7
B04_26,1.83428875214498,600,31,1e-7
B04_27,1.2559673820175317,600,cc1690,1e-7
B04_28,1.413795839269053,1000,14,1e-7
B04_29,1.585071997915721,1000,31,1e-7
B04_3,1.083343182265566,5,cc1690,0.04445583898637893
B04_30,1.4794303969741995,1000,cc1690,1e-7
B04_4,1.0326435125279043,10,14,0.028032243214424737
B04_5,0.9772946451721191,10,31,0.02861074140886565
B04_6,1.3330200350217225,10,cc1690,0.039755609361629876
B04_7,1.3123824725739783,20,14,0.011893608348283322
B04_8,0.8988525351490939,20,31,0.022502494474031857
B04_9,1.9972788372911492,20,cc1690,0.02781290672804144
B05_1,1.200394910612912,5,8,0.008970101424092384
B05_10,1.1805662983479943,40,8,8.161009296491907e-4
B05_11,1.4105157338673622,40,22,0.005772080470608077
B05_12,1.3414424438959878,40,16,0.006939525740392043
B05_13,1.3621010384811894,60,8,1e-7
B05_14,1.688545026656503,60,22,0.005959614642659368
B05_15,1.5233141456897783,60,16,0.001891598505723581
B05_16,1.757416882241634,80,8,1e-7
B05_17,2.2623204318170163,80,22,2.3238016484514382e-4
B05_18,2.053994698875904,80,16,6.85691670527181e-5
B05_19,1.7939549134093795,100,8,1e-7
B05_2,0.662341592942019,5,22,0.04734377927429296
B05_20,1.867133037641239,100,22,1e-7
B05_21,2.607860829304314,100,16,1e-7
B05_22,1.3518487104076462,400,8,1e-7
B05_23,2.0092831241010645,400,22,1e-7
B05_24,1.5518946989169233,400,16,1e-7
B05_25,1.717309305491861,600,8,1e-7
B05_26,2.29939364761782,600,22,1e-7
B05_27,1.3571698492815194,600,16,1e-7
B05_28,1.754913926751193,1000,8,1e-7
B05_29,1.9785077703686909,1000,22,1e-7
B05_3,1.035707652469972,5,16,0.0388040853021636
B05_30,1.7257510531343123,1000,16,1e-7
B05_4,1.1956546055100472,10,8,0.006757146001659207
B05_5,1.2081682719134919,10,22,0.027363563951603467
B05_6,1.207700780619064,10,16,0.0304005647379056
B05_7,1.365136905063744,20,8,0.003032606653840181
B05_8,1.2421889898639153,20,22,0.01943450478938428
B05_9,1.8578050400434067,20,16,0.024664299968267148
B06_1,1.5495807518706972,5,23,0.052918691587425126
B06_10,1.535409344066111,40,23,0.004411242255155556
B06_11,1.6001422930305396,40,anc2,0.004399905993020533
B06_12,1.3585863258649924,40,20,0.006826960168301156
B06_13,1.5762590018830824,60,23,0.0025373947412744963
B06_14,1.4702054804591915,60,anc2,0.004814563997287967
B06_15,1.3972180422991842,60,20,0.002459323174097853
B06_16,2.242932218613863,80,23,2.838617399764405e-4
B06_17,1.9911109828842293,80,anc2,1.9989184729753766e-4
B06_18,2.2354601568404093,80,20,7.03294123852337e-4
B06_19,1.8581207518577745,100,23,1e-7
B06_2,0.8939864422908845,5,anc2,0.036196907286263715
B06_20,2.1000508604738517,100,anc2,1e-7
B06_21,2.526723459085384,100,20,1e-7
B06_22,2.3904461579069594,400,23,1e-7
B06_23,1.5460129737236055,400,anc2,1e-7
B06_24,1.623250302064443,400,20,1e-7
B06_25,1.3367828005513986,600,23,1e-7
B06_26,2.3362341674377896,600,anc2,1e-7
B06_27,2.1512870182152817,600,20,1e-7
B06_28,1.593872675629058,1000,23,1e-7
B06_29,2.130751301705755,1000,anc2,1e-7
B06_3,0.7148285019185949,5,20,0.03704478202204568
B06_30,1.5649986200851465,1000,20,1e-7
B06_4,1.2914163821686628,10,23,0.020182532370238534
B06_5,1.4698467504432589,10,anc2,0.021474090115054262
B06_6,1.223078957210196,10,20,0.030264503152043362
B06_7,1.5777292229091961,20,23,0.011521613585232566
B06_8,0.7940180970759607,20,anc2,0.014443058591392315
B06_9,1.4445527084638343,20,20,0.024149213161910668
B07_1,1.3533498629270606,5,11,0.03372530239178917
B07_10,1.300786123649229,40,11,0.004687860585139661
B07_11,0.7694229029531162,40,27,0.007981518894113922
B07_12,1.4594543182473767,40,anc3,0.0070596759932767105
B07_13,1.5329870322124486,60,11,0.0023947292134095695
B07_14,0.9975694226877782,60,27,0.007234420795534212
B07_15,1.58997061658964,60,anc3,0.0028729498950653375
B07_16,2.5613831784425276,80,11,7.935176998104067e-4
B07_17,2.886863554804471,80,27,3.319003117685478e-5
B07_18,2.1696548702498992,80,anc3,8.751431577229203e-4
B07_19,1.7787811655027121,100,anc5,1e-7
B07_2,0.5156489306429678,5,27,0.05039929361314953
B07_20,1.8171253236006208,100,27,1.6232065926170285e-4
B07_21,2.310978994525568,100,anc3,1e-7
B07_22,2.4502062043248114,400,11,1e-7
B07_23,2.1184558620651464,400,27,1e-7
B07_24,1.5125118754864744,400,anc3,1e-7
B07_25,1.5611472867259504,600,11,1e-7
B07_26,1.5396715052102339,600,27,1e-7
B07_27,2.1000664373751263,600,anc3,1e-7
B07_28,1.7696757832390964,1000,11,1e-7
B07_29,1.6493133974862069,1000,27,1e-7
B07_3,1.0091114776651195,5,anc3,0.03360927550419435
B07_30,1.5479733806816096,1000,anc3,1e-7
B07_4,1.506161742269533,10,11,0.023161095882004937
B07_5,0.8781263062124839,10,27,0.0227396433924797
B07_6,1.3031557896530601,10,anc3,0.031996737717302035
B07_7,1.3376075696578602,20,11,0.011490013572511348
B07_8,0.7830521874711696,20,27,0.022573080262064036
B07_9,1.6571337594406168,20,anc3,0.024465710044588036
B08_1,1.1550949251310616,5,anc5,0.03478041198188288
B08_10,1.293334073535299,40,anc5,0.005306349618688138
B08_11,1.7714318334349641,40,17,0.001359346026086002
B08_12,1.183144607880976,40,7,0.00513521328672473
B08_13,1.4299697527108937,60,anc5,0.0031186476056313875
B08_14,1.5144771079202346,60,17,1e-7
B08_15,1.277192196345624,60,7,0.0033010132330542077
B08_16,2.0435713008273133,80,anc5,3.7926670608497663e-4
B08_17,2.1184377509434906,80,17,1e-7
B08_18,2.2261836028729647,80,7,9.319842693582383e-4
B08_19,2.249659024742091,100,11,1e-7
B08_2,1.441164661634964,5,17,0.021166698276071302
B08_20,1.7616026916690228,100,17,1e-7
B08_21,2.050447378562589,100,7,1e-7
B08_22,2.1174982626525964,400,anc5,1e-7
B08_23,1.6403150642288655,400,17,1e-7
B08_24,1.3749555981258461,400,7,1e-7
B08_25,1.491772117700399,600,anc5,1e-7
B08_26,1.4793409606400374,600,17,1e-7
B08_27,2.07693692095922,600,7,1e-7
B08_28,1.6345911222810523,1000,anc5,1e-7
B08_29,1.641709035948257,1000,17,1e-7
B08_3,0.5290825271888087,5,7,0.029484357681538124
B08_30,1.4826302535301192,1000,7,1e-7
B08_4,1.3811038514977958,10,anc5,0.02285455233567725
B08_5,1.4920477943782138,10,17,0.012211361616547374
B08_6,0.8559809254623233,10,7,0.03119833645223658
B08_7,1.0990506895136423,20,anc5,0.011767853767026524
B08_8,1.7522583352896492,20,17,0.0026865385068341845
B08_9,1.4139103955927934,20,7,0.012834730703271246
B09_1,1.2092389631353937,5,1,0.034404510423718435
B09_10,1.2436989706974735,40,1,0.004214871989487017
B09_11,1.3250427729317504,40,26,0.005531729324892738
B09_12,0.9503346624033661,40,5,0.009409201075075065
B09_13,1.3217308764759659,60,1,0.002895897301647605
B09_14,1.7769702504042821,60,26,0.004412995401924213
B09_15,1.0388841526122203,60,5,0.005764836466981009
B09_16,2.0392808076002704,80,1,5.994104349509511e-4
B09_17,2.7728684984206757,80,26,1e-7
B09_18,1.770873085136754,80,5,7.403995252212504e-4
B09_19,1.7406226664086524,100,1,1e-7
B09_2,1.0549156446695986,5,26,0.028172473407110342
B09_20,1.8359873030054858,100,26,1e-7
B09_21,1.8276547142435895,100,5,1e-7
B09_22,2.0971551367365375,400,1,1e-7
B09_23,2.1267713187750807,400,26,1e-7
B09_24,1.2239951281748143,400,30,1e-7
B09_25,1.3740661737849746,600,1,1e-7
B09_26,1.8276851487339807,600,26,1e-7
B09_27,2.013081338895039,600,5,1e-7
B09_28,1.5646670306377148,1000,1,1e-7
B09_29,1.8747728510313588,1000,26,1e-7
B09_3,0.38903444568900986,5,5,0.051222589333755376
B09_30,1.41646925462551,1000,5,1e-7
B09_4,0.9288076930565082,10,1,0.02558971137552488
B09_5,1.100022680158471,10,26,0.020293260553841543
B09_6,0.7519202855459179,10,5,0.03451366243275364
B09_7,0.99044893819919,20,1,0.01207919873466677
B09_8,1.2702698047018424,20,26,0.014464077985556597
B09_9,0.8232360199875123,20,5,0.018957835986614657
B10_11,1.07052115453217,40,2,0.006766211319114215
B10_12,2.064669961993655,40,29,0.0028133699548039642
B10_14,1.3921006162119596,60,2,0.006081821052896449
B10_15,1.6361728261502542,60,29,0.0031602551121025792
B10_17,2.664653960939451,80,2,0.0023591341615627386
B10_18,1.8489179728139065,80,29,1e-7
B10_2,1.0303888640641303,5,2,0.03380406262761903
B10_20,1.9093187720440377,100,2,1e-7
B10_21,1.5453909504342929,100,29,1e-7
B10_23,2.314637904099391,400,2,1e-7
B10_24,1.7552899924251224,400,29,1e-7
B10_26,1.6812459437017129,600,2,1e-7
B10_27,1.8507463634234167,600,29,1e-7
B10_29,1.7105403837451116,1000,2,1e-7
B10_3,1.4005341029322613,5,29,0.026800469923018037
B10_30,1.4598144482480282,1000,29,1e-7
B10_5,1.139699869623726,10,2,0.026449455323075022
B10_6,1.2462573744576029,10,29,0.017211250953066703
B10_8,0.9700428754449607,20,2,0.019015871426807402
B10_9,1.3311850572978097,20,29,0.00471453559126729
B11_1,0.663432472378949,5,24,0.05131203644517736
B11_10,1.09926574672954,40,24,0.00629979912301499
B11_11,1.4596018429357163,40,18,0.0063139025377460046
B11_12,1.4134292731949774,40,anc4,0.007149799767594293
B11_13,1.092250094617283,60,24,0.00691921376570953
B11_14,1.6999792413720902,60,18,0.004428111613470446
B11_15,1.4553657638478426,60,anc4,0.0034657508700621786
B11_16,1.94432584891063,80,24,8.65152044777958e-4
B11_17,2.2829273994843855,80,18,8.878485972056274e-4
B11_18,2.11655287392254,80,anc4,5.390842574325281e-4
B11_19,2.0061802559937973,100,24,1e-7
B11_2,1.034484808547955,5,18,0.030329921217843073
B11_20,1.8287333126391183,100,18,1e-7
B11_21,1.7799564895076176,100,anc4,1e-7
B11_22,2.341157492162026,400,24,1e-7
B11_23,1.508303653585437,400,18,1e-7
B11_24,1.5527431123572053,400,anc4,1e-7
B11_25,1.5494930630600854,600,24,1e-7
B11_26,1.6852771089904068,600,18,1e-7
B11_27,1.6074662505277637,600,anc4,1e-7
B11_28,1.8242565784152782,1000,24,1e-7
B11_29,1.5012779393791373,1000,18,1e-7
B11_3,1.1334194901796493,5,anc4,0.03790017853057038
B11_30,1.5259268242401418,1000,anc4,1e-7
B11_4,0.6551291655570898,10,24,0.038295792038811366
B11_5,1.47424706921565,10,18,0.02130806713555929
B11_6,1.171495374187901,10,anc4,0.03382189612931949
B11_7,0.8192545059350793,20,24,0.01812179531967568
B11_8,1.2799130228578461,20,18,0.015705202800950897
B11_9,1.7462276844224545,20,anc4,0.020885439188837982
C02_1,0.7560038480965544,5,6,0.018372028107252653
C02_10,1.3072529431504667,40,6,0.004605658730557636
C02_11,1.4037060047103413,40,21,1e-7
C02_12,1.3456706074243852,40,10,0.007647691738501326
C02_13,1.308421753246589,60,6,0.005298739057366368
C02_14,1.6051876965159335,60,21,1e-7
C02_15,1.4365340866760552,60,10,0.0035414108530801612
C02_16,1.5341374697230716,80,6,1e-7
C02_17,2.0177891817152287,80,21,1e-7
C02_18,2.0286985153884123,80,10,2.7310489257692825e-4
C02_19,1.7683828979174696,100,6,1e-7
C02_2,1.3832782084072806,5,21,0.007496681900100703
C02_20,2.087113599686097,100,21,1e-7
C02_21,2.433247365883495,100,10,1e-7
C02_22,1.5739327768990963,400,6,1e-7
C02_23,1.9919074407389814,400,21,1e-7
C02_24,1.81482301369118,400,10,1e-7
C02_25,1.6893983631660463,600,6,1e-7
C02_26,1.8069832400800367,600,21,1e-7
C02_27,1.5974276697696106,600,10,1e-7
C02_28,1.4893648735656908,1000,6,1e-7
C02_29,1.7636083606521462,1000,21,1e-7
C02_3,1.2840132527792105,5,10,0.0431285972143784
C02_30,1.9936213774152491,1000,10,1e-7
C02_4,1.157776875889275,10,6,0.020481350424908906
C02_5,1.479462998923221,10,21,0.003351534932868419
C02_6,1.2408475842442186,10,10,0.030385110568939784
C02_7,1.3939143241918122,20,6,0.011419176378824565
C02_8,1.4680130462674974,20,21,0.0015003953223157607
C02_9,0.7539839118236055,20,10,0.018363354608807964
C03_1,1.447197474591346,5,33,0.038889410378473314
C03_10,1.1229426668495552,40,33,0.005367439014603466
C03_11,1.5021544423298396,40,9,0.0066072110346335885
C03_12,1.3688805804424675,40,30,0.002617278982644181
C03_13,1.3894855823363388,60,33,0.004659541814314512
C03_14,1.6231005809991073,60,9,0.0043031400585695065
C03_15,1.8611052847117493,60,30,0.002176621755985211
C03_16,1.9274887048789533,80,33,1.2118985011810535e-4
C03_17,1.8928761278588582,80,9,1e-7
C03_18,1.9999213856499847,80,30,1e-7
C03_19,2.501191807771557,100,33,1e-7
C03_2,1.2752836733593171,5,9,0.044531227410044893
C03_20,1.8093817754788455,100,9,1e-7
C03_21,1.9788510329146458,100,30,1e-7
C03_22,1.5622569642141888,400,33,1e-7
C03_23,1.7714355631075438,400,9,1e-7
C03_24,1.7005536503332808,400,5,1e-7
C03_25,1.678021977037089,600,33,1e-7
C03_26,1.988723244165704,600,9,1e-7
C03_27,1.539319651917273,600,30,1e-7
C03_28,1.5880826394972716,1000,33,1e-7
C03_29,1.735305253395338,1000,9,1e-7
C03_3,1.8711316483472176,5,30,0.03640527463225232
C03_30,1.6064957115426162,1000,30,1e-7
C03_4,1.444271449288852,10,33,0.02563253757008255
C03_5,0.9962346559116906,10,9,0.03488715862955434
C03_6,1.4197449197525847,10,30,0.016090001251296688
C03_7,0.9108226780659796,20,33,0.012389813880631897
C03_8,1.2167132958541207,20,9,0.02427106674038762
C03_9,1.498026844217049,20,30,0.009888087495821934
C04_1,1.509603501843264,5,32,0.04635936619518114
C04_10,1.4480943861413835,40,32,0.0046996039731398735
C04_11,1.4711695852649005,40,35,0.0017946326994135982
C04_12,0.8601181370566492,40,5,0.010667938275185565
C04_13,1.7902054498041728,60,32,0.0033348476641867396
C04_14,1.7879813696269382,60,35,9.363059414635395e-4
C04_15,1.1672299323904343,60,5,0.006248309169982457
C04_16,2.1283326464006227,80,32,1e-7
C04_17,1.6047815501259792,80,35,1e-7
C04_18,1.8841360212065676,80,5,0.0012759031102430776
C04_19,2.3165756891091953,100,32,1e-7
C04_2,1.1726687084881868,5,35,0.024659801802793663
C04_20,1.7412779858733898,100,35,1e-7
C04_21,1.9539437783590987,100,5,1e-7
C04_22,1.469863055507946,400,32,1e-7
C04_23,1.6094736944102475,400,35,1e-7
C04_24,1.7923598342944007,400,30,1e-7
C04_25,1.4827781089578858,600,32,1e-7
C04_26,1.7880439933333405,600,35,1e-7
C04_27,1.7291007768829545,600,5,1e-7
C04_28,1.6692882432588714,1000,32,1e-7
C04_29,2.0971178888167414,1000,35,1e-7
C04_3,0.8104853557366628,5,5,0.04938681854984735
C04_30,1.5220924174277657,1000,5,1e-7
C04_4,1.2389594021009833,10,32,0.026076423975473332
C04_5,1.3661437204027413,10,35,0.019731175109297495
C04_6,0.9445556629573654,10,5,0.030249922635909168
C04_7,1.3680358901844325,20,32,0.013914797401601151
C04_8,1.1265371858870332,20,35,0.005106776873040039
C04_9,0.8820740366388851,20,5,0.017551961912662412
C05_1,1.180092341795161,5,25,0.025198791702302274
C05_10,1.505598129086389,40,25,0.004668079727539028
C05_11,1.117345783812742,40,28,0.0028275812529368425
C05_12,1.3985964704161638,40,cc1690,0.007418739799868806
C05_13,1.74574925423797,60,25,0.002049866314552487
C05_14,1.7036557889144932,60,28,0.0014171601932673973
C05_15,1.5508008442129506,60,cc1690,0.0028891693412009347
C05_16,1.9072695388573664,80,25,1.585366191349589e-4
C05_17,2.190735003064679,80,28,1e-7
C05_18,2.320750390837049,80,cc1690,5.008394961136008e-4
C05_19,1.8844543937035134,100,25,1e-7
C05_2,1.2227495901484384,5,28,0.030501536164726166
C05_20,1.8808710592702058,100,28,1e-7
C05_21,2.11835494907117,100,cc1690,1e-7
C05_22,1.5814483910358386,400,25,1e-7
C05_23,1.922837634435381,400,28,1e-7
C05_24,1.5645628026586487,400,cc1690,1e-7
C05_25,1.3460693663191827,600,25,1e-7
C05_26,2.0107008830660633,600,28,1e-7
C05_27,1.4148445516536765,600,cc1690,1e-7
C05_28,1.525898579606671,1000,25,1e-7
C05_29,1.5756636979839864,1000,28,1e-7
C05_3,1.2856467426921667,5,cc1690,0.042921427640830956
C05_30,1.6071670821774167,1000,cc1690,1e-7
C05_4,1.1447941066765832,10,25,0.018169385357627247
C05_5,1.9984777850591084,10,28,0.01961847903724585
C05_6,1.9008703105935398,10,cc1690,0.03285334336586068
C05_7,1.3822478026795442,20,25,0.00936980024069017
C05_8,1.0132081685365426,20,28,0.004412827987572041
C05_9,1.78872693435585,20,cc1690,0.023573443090708787
C06_1,1.704627867697281,5,1,0.029077846129421183
C06_10,1.326224833637416,40,1,0.0037886219385023256
C06_11,1.3238993442923306,40,26,0.0038135328129019564
C06_12,1.351874076988956,40,anc3,0.009298901717441573
C06_13,1.4275250978159473,60,1,0.0034541111977558388
C06_14,1.7537355916853905,60,26,0.004734926040854164
C06_15,1.7847606723425171,60,anc3,0.0045440486639876645
C06_16,1.7280515877848235,80,1,2.965602191327053e-4
C06_17,2.548515926982792,80,26,2.832371080870535e-4
C06_18,2.393079513591751,80,anc3,7.703535608016101e-4
C06_19,1.9258110682898384,100,1,1e-7
C06_2,1.032682983716625,5,26,0.03374128125084538
C06_20,1.8400748522654076,100,26,1e-7
C06_21,2.030265528507287,100,anc3,1e-7
C06_22,1.669207274829298,400,1,1e-7
C06_23,1.8950126285275317,400,26,1e-7
C06_24,1.5528131972469572,400,anc3,1e-7
C06_25,1.487246651886302,600,1,1e-7
C06_26,1.8314252774958635,600,26,1e-7
C06_27,1.5451321306023258,600,anc3,1e-7
C06_28,1.4937154615647616,1000,1,1e-7
C06_29,1.8384744862799252,1000,26,1e-7
C06_3,1.0281292115258187,5,anc3,0.038175779971755704
C06_30,1.5671545363229318,1000,anc3,1e-7
C06_4,1.1342915604872394,10,1,0.02319787665215979
C06_5,1.495424501709725,10,26,0.02160632023389387
C06_6,1.0393198488380941,10,anc3,0.03421294504904136
C06_7,1.061357097977803,20,1,0.009105114074153644
C06_8,1.4484491571915004,20,26,0.01757869675048742
C06_9,1.5575693450701427,20,anc3,0.02238892566109522
C07_1,1.429981435084938,5,11,0.040653286934316905
C07_10,1.4759603859384243,40,11,0.005376950354673902
C07_11,0.8634592676485696,40,27,0.010434395352365821
C07_12,1.1209784371396005,40,7,0.004503181149407233
C07_13,1.7867765271590619,60,11,0.0028845676297401365
C07_14,1.0461368435073273,60,27,0.009438865304159024
C07_15,1.1586560908158658,60,7,0.00565910836842531
C07_16,2.2593559665803324,80,11,0.0011069886624626006
C07_17,2.8775311790731948,80,27,3.551324392584388e-4
C07_18,2.059468354996562,80,7,0.0013797087842347961
C07_19,2.03181367087448,100,anc5,1e-7
C07_2,0.5295181616812555,5,27,0.04604642649451049
C07_20,2.0027955629342946,100,27,1e-7
C07_21,1.9588302000383802,100,7,1e-7
C07_22,2.0453995011630215,400,11,1e-7
C07_23,2.262237046359909,400,27,1e-7
C07_24,1.3268900766908607,400,7,1e-7
C07_25,1.7351729186715914,600,11,1e-7
C07_26,1.572602037162514,600,27,1e-7
C07_27,1.6868432972575567,600,7,1e-7
C07_28,1.8709760537985554,1000,11,1e-7
C07_29,1.840483913751363,1000,27,1e-7
C07_3,1.0670549068517252,5,7,0.024082078940192778
C07_30,1.5277450251415852,1000,7,1e-7
C07_4,1.0325278510278397,10,11,0.025795107238554882
C07_5,0.7658528896038311,10,27,0.0341129332011961
C07_6,0.9825305723964394,10,7,0.026065048066416057
C07_7,1.7185802722488672,20,11,0.01351619136387075
C07_8,0.7128265307799763,20,27,0.03243917948602117
C07_9,1.4314703323440736,20,7,0.011420664851656359
C08_11,1.1077153394155101,40,2,0.0067116793170616355
C08_12,1.7426354876293235,40,16,0.007329108950027969
C08_14,1.6415496399955638,60,2,0.00673221782802112
C08_15,1.1543313369765593,60,16,0.0030789303256066928
C08_17,2.4476934598539763,80,2,0.0013166058810518307
C08_18,1.8332468972485545,80,16,7.680552042374479e-4
C08_2,1.0429842496637836,5,2,0.042286469184268406
C08_20,2.022403264882662,100,2,2.393613760299597e-4
C08_21,2.2384825212562913,100,16,6.485949706334133e-4
C08_23,2.6049072300959626,400,2,1e-7
C08_24,1.248837197556489,400,16,1e-7
C08_26,1.6847132432898295,600,2,1e-7
C08_27,1.2683990436411985,600,16,1e-7
C08_29,1.9796897878683146,1000,2,1e-7
C08_3,1.1602498471716227,5,16,0.038825975937952624
C08_30,1.6938779613139063,1000,16,1e-7
C08_5,1.182072074259333,10,2,0.02783528160305626
C08_6,1.580469808389796,10,16,0.028008119810063348
C08_8,1.7379121294824293,20,2,0.01926038380440196
C08_9,1.773438826291724,20,16,0.01849310135349982
C09_1,1.1452919604709082,5,6,0.019326455616319644
C09_10,1.552804607214716,40,6,0.0047737132412310574
C09_11,1.4835008673197996,40,21,6.790993319829374e-5
C09_12,1.5603645763171206,40,30,0.0021915704723707206
C09_13,1.2009477907832506,60,6,0.004477883469626774
C09_14,1.630009372944263,60,21,1e-7
C09_15,1.9035296064176528,60,30,0.0036856552732988978
C09_16,1.9609773354421747,80,6,1e-7
C09_17,2.2949378048398765,80,21,1e-7
C09_18,1.8646999457401034,80,30,6.256717753951029e-5
C09_19,1.9039323284906295,100,6,1e-7
C09_2,1.5186091322741608,5,21,0.008091489100740572
C09_20,2.0071489850370803,100,21,1e-7
C09_21,1.667182098588543,100,30,1e-7
C09_22,1.8099748644532643,400,6,1e-7
C09_23,1.837071439097359,400,21,1e-7
C09_24,1.3811698636477048,400,5,1e-7
C09_25,1.4264736986243667,600,6,1e-7
C09_26,1.916496811975254,600,21,1e-7
C09_27,1.4403351022102524,600,30,1e-7
C09_28,1.5767139065856204,1000,6,1e-7
C09_29,1.8690457450487201,1000,21,1e-7
C09_3,1.3726125126012934,5,30,0.03518365534210544
C09_30,1.3652152711097731,1000,30,1e-7
C09_4,1.1676997758618772,10,6,0.021199713635462785
C09_5,1.2220020546094392,10,21,0.005689533816243952
C09_6,1.3563301049298184,10,30,0.0253846538182858
C09_7,1.263735668113071,20,6,0.010773733918994884
C09_8,1.3791387290344113,20,21,0.0025287034240832405
C09_9,1.50469016790024,20,30,0.012463631706771597
C10_1,1.4936260891414772,5,23,0.042943989624729305
C10_10,1.358196249875564,40,23,0.0053714948980888005
C10_11,1.591396958009602,40,anc2,0.0061327980718941695
C10_12,1.4918937414814315,40,3,0.00422802530834266
C10_13,1.63825903847439,60,23,0.0028702673048974624
C10_14,1.6065149200370747,60,anc2,0.004542795438064333
C10_15,1.4896059623165994,60,3,0.002331531601200954
C10_16,2.4147128121047117,80,23,4.4618047631123336e-4
C10_17,2.3051587681056356,80,anc2,2.388089782975594e-4
C10_18,1.9280843894095026,80,3,6.414935998018768e-4
C10_19,2.3427805769220877,100,23,1e-7
C10_2,0.9930168922548748,5,anc2,0.03526817652200404
C10_20,2.13055216342431,100,anc2,1e-7
C10_21,2.045853293446203,100,3,1e-7
C10_22,2.1155023369021384,400,23,1e-7
C10_23,1.6497719363046464,400,anc2,1e-7
C10_24,1.4646226732501435,400,3,1e-7
C10_25,1.5459261531997501,600,23,1e-7
C10_26,1.5670587317261773,600,anc2,1e-7
C10_27,1.6585543168465469,600,3,1e-7
C10_28,2.1768832730953975,1000,23,1e-7
C10_29,1.711628744328056,1000,anc2,1e-7
C10_3,1.6834933755788424,5,3,0.027277516862506908
C10_30,1.277290290818952,1000,3,1e-7
C10_4,1.803761785567893,10,23,0.02369191939158345
C10_5,1.216276247730564,10,anc2,0.01858917153646592
C10_6,1.6052979904255376,10,3,0.02188524281951332
C10_7,1.5929683689609229,20,23,0.01337952560596686
C10_8,1.3781475812477897,20,anc2,0.01514803848809595
C10_9,2.041065945891,20,3,0.011456037631529085
C11_1,1.0187461421438102,5,anc5,0.035838135415694146
C11_10,1.3004807189515544,40,anc5,0.005175061077792555
C11_11,1.7495471577194688,40,17,0.0019422208043380579
C11_12,1.8002642733819962,40,15,0.0067344097527064755
C11_13,1.54811291264855,60,anc5,0.0025946893119608897
C11_14,1.9866429911243453,60,17,1e-7
C11_15,1.5953134636182789,60,15,0.0030875148907977103
C11_16,2.197989352789471,80,anc5,0.0015008106463807677
C11_17,1.7031492654666052,80,17,1e-7
C11_18,2.1468732076800663,80,15,0.0014347764037562234
C11_19,2.380311195186182,100,11,1e-7
C11_2,1.4629946888677174,5,17,0.020197369464418552
C11_20,2.0509429423282772,100,17,1e-7
C11_21,1.9480291779169376,100,15,1e-7
C11_22,1.9801332021960107,400,anc5,1e-7
C11_23,1.9082905864060544,400,17,1e-7
C11_24,1.6424166283971975,400,15,1e-7
C11_25,1.6477039086912606,600,anc5,1e-7
C11_26,1.7274397424866965,600,17,1e-7
C11_27,1.452658920475304,600,15,1e-7
C11_28,1.6970343429335089,1000,anc5,1e-7
C11_29,1.6055127117283658,1000,17,1e-7
C11_3,0.4602388967256034,5,15,0.03081452348015493
C11_30,1.3955582792569723,1000,15,1e-7
C11_4,1.1698365167015745,10,anc5,0.021299820179891484
C11_5,1.197904770015662,10,17,0.01224802089087035
C11_6,1.1969437681426507,10,15,0.03783100977628365
C11_7,0.9157400037498689,20,anc5,0.012718982303170572
C11_8,1.64109720622614,20,17,0.003177203362758292
C11_9,2.020240945160691,20,15,0.009750276280755683
D02_1,0.5793107851148612,5,24,0.0520140335518094
D02_10,0.7192371098002284,40,24,0.01286999106365824
D02_11,1.6115832257029432,40,18,0.005873936659155073
D02_12,1.4306621518085592,40,29,0.0019113419823094913
D02_13,0.9563993178790905,60,24,0.00936708068002084
D02_14,1.542886834164617,60,18,0.004943578196747723
D02_15,1.7837692304943067,60,29,0.001890490888845493
D02_16,1.9102553002347173,80,24,2.92026653378748e-4
D02_17,1.9221166200353437,80,18,4.81279835448922e-4
D02_18,1.9728235903764582,80,29,1e-7
D02_19,2.0967318052999526,100,24,1.2955525316438085e-4
D02_2,1.230781068969996,5,18,0.03897647648017061
D02_20,1.6546228070907878,100,18,1e-7
D02_21,1.7617078191275577,100,29,1e-7
D02_22,1.6264523422672552,400,24,1e-7
D02_23,1.6725274794607097,400,18,1e-7
D02_24,1.9371667980264524,400,29,1e-7
D02_25,1.9228951264584055,600,24,1e-7
D02_26,2.0101382587355165,600,18,1e-7
D02_27,1.6186105134357753,600,29,1e-7
D02_28,1.411050094418248,1000,24,1e-7
D02_29,1.9480386757312673,1000,18,1e-7
D02_3,1.637781845654773,5,29,0.03121549543368134
D02_30,1.6033758024076958,1000,29,1e-7
D02_4,0.8020477221373086,10,24,0.03461795293994137
D02_5,1.370475861760491,10,18,0.023348389182528545
D02_6,1.6638060689022318,10,29,0.013063311204760389
D02_7,0.7635823456200905,20,24,0.02366931901301475
D02_8,1.296512136969361,20,18,0.0168902212971848
D02_9,1.9280951798569201,20,29,0.006885240012488819
D03_1,1.430294832397463,5,8,0.005162641047146558
D03_10,1.1963984050855434,40,8,1e-7
D03_11,1.4907346928370004,40,22,0.00524638756939232
D03_12,1.2664699370871908,40,20,0.0095981173122882
D03_13,1.230917222739925,60,8,1e-7
D03_14,1.633857907569534,60,22,0.0046985637500130874
D03_15,1.4907219593652443,60,20,0.004010011555903733
D03_16,1.7947800725692518,80,8,1e-7
D03_17,1.8868887440949855,80,22,4.351563247047728e-4
D03_18,1.545674479929026,80,20,7.336077757948188e-4
D03_19,1.8495944379903941,100,8,1e-7
D03_2,1.439684016128299,5,22,0.05282892710739333
D03_20,1.8171994896221597,100,22,1e-7
D03_21,2.404428904581299,100,20,1e-7
D03_22,1.9162406365729023,400,8,1e-7
D03_23,2.1257879670827906,400,22,1e-7
D03_24,1.6574758961864429,400,20,1e-7
D03_25,1.9513154331161457,600,8,1e-7
D03_26,1.9511902567172987,600,22,1e-7
D03_27,1.4902983370303182,600,20,1e-7
D03_28,1.7655275679337634,1000,8,1e-7
D03_29,1.9335612056796228,1000,22,1e-7
D03_3,1.2130127205494445,5,20,0.03868374914793092
D03_30,1.9006051047075776,1000,20,1e-7
D03_4,1.3615930062797512,10,8,0.0033759502842943103
D03_5,1.0799577488418495,10,22,0.0276091057576887
D03_6,1.151332183483538,10,20,0.029061690728303655
D03_7,1.362138170319972,20,8,0.002168109247767657
D03_8,1.2253408069999425,20,22,0.020609146740369705
D03_9,1.1213393917323777,20,20,0.02005974833126963
D04_1,1.026403649353583,5,19,0.03580450428571799
D04_10,1.262327526307889,40,19,0.006330193606806723
D04_11,1.1977084524798784,40,4,0.006076242591246204
D04_12,1.2132862407308247,40,anc4,0.009015221949181897
D04_13,1.5273948456249031,60,19,0.004883772522691395
D04_14,1.7131699868432184,60,4,0.0049560393955604635
D04_15,1.5313148776089507,60,anc4,0.0036235956569292123
D04_16,1.6752314359681488,80,19,0.001091661811613074
D04_17,2.017667150071096,80,4,1e-7
D04_18,1.617035349138011,80,anc4,0.0011630899924845396
D04_19,1.6703021063280015,100,19,1e-7
D04_2,0.68654454579791,5,4,0.03373345165010493
D04_20,1.6620743588527376,100,4,1e-7
D04_21,1.7039982213811922,100,anc4,5.5097759613660667e-5
D04_22,1.245287805866935,400,19,1e-7
D04_23,2.083334482481179,400,4,1e-7
D04_24,1.7775061856731975,400,anc4,1e-7
D04_25,1.2509920530055907,600,19,1e-7
D04_26,2.3412634177450875,600,4,1e-7
D04_27,1.322100326009726,600,anc4,1e-7
D04_28,1.2959670967989279,1000,19,1e-7
D04_29,1.6855462304004634,1000,4,1e-7
D04_3,0.8820871216054734,5,anc4,0.043420405754210495
D04_30,1.4416080903016113,1000,anc4,1e-7
D04_4,1.407958824200271,10,19,0.02540682580883186
D04_5,1.072702477780851,10,4,0.02629287674510181
D04_6,1.4650591530153443,10,anc4,0.027750260068060164
D04_7,0.9803662817214839,20,19,0.012776549541506541
D04_8,1.194468714708626,20,4,0.01889731119022169
D04_9,1.2691067640293927,20,anc4,0.019810370222261415
D05_1,1.9530056764584727,5,33,0.038470705208396676
D05_10,1.4283969866658635,40,33,0.005480585023477135
D05_11,1.482803975708313,40,9,0.0070130249762217454
D05_12,1.2771556895840854,40,10,0.006355182272954736
D05_13,1.2475101476927866,60,33,0.0044410366997802795
D05_14,1.3620384128347134,60,9,0.0035504451954415078
D05_15,1.4193305367496423,60,10,0.0032053858415666075
D05_16,1.7796191715331604,80,33,6.211527267092735e-4
D05_17,1.9912894700705863,80,9,2.0291688294698056e-4
D05_18,1.4427688776728596,80,10,6.551134867952479e-4
D05_19,1.8805307056435216,100,33,1e-7
D05_2,1.6203780418887783,5,9,0.04075395535808527
D05_20,2.06353517193939,100,9,1e-7
D05_21,1.6530779879984194,100,10,1e-7
D05_22,1.6761045140894806,400,33,1e-7
D05_23,1.893432635096472,400,9,1e-7
D05_24,1.6448908947920584,400,10,1e-7
D05_25,1.1398302945362329,600,33,1e-7
D05_26,1.983988644522675,600,9,1e-7
D05_27,1.5430777971349405,600,10,1e-7
D05_28,1.2770709633393842,1000,33,1e-7
D05_29,1.7059887751144969,1000,9,1e-7
D05_3,1.4308689294593577,5,10,0.03744717885563738
D05_30,1.2291405088460685,1000,10,1e-7
D05_4,1.3513996112424271,10,33,0.02544683663730567
D05_5,1.1074608693381753,10,9,0.03564421223291147
D05_6,1.9753170224611718,10,10,0.027326682896750595
D05_7,1.3401564548572262,20,33,0.012122197992778794
D05_8,1.2971893470004394,20,9,0.022123415018431923
D05_9,1.0587703834380755,20,10,0.01827864316829111
D06_1,1.0593268656924282,5,14,0.0314812128721268
D06_10,1.1395381085481286,40,14,0.004893159307723712
D06_11,1.44425833487103,40,31,0.0036996319458450187
D06_12,0.7728863171169774,40,5,0.009784871734601092
D06_13,1.3736132615932688,60,14,0.0028760064351053484
D06_14,1.2607975185279532,60,31,0.0031306741526706265
D06_15,0.9711665811688273,60,5,0.005227009008578145
D06_16,1.6895770441419142,80,14,8.710796543507243e-4
D06_17,1.7943796336541538,80,31,1e-7
D06_18,1.6718499912134515,80,5,0.001352204442189854
D06_19,1.7611925297875948,100,14,1e-7
D06_2,1.1946878995080124,5,31,0.029701663588203264
D06_20,1.5498816633231405,100,31,1e-7
D06_21,1.519566835015966,100,5,2.7016618677352006e-4
D06_22,1.8593782399334775,400,14,1e-7
D06_23,1.8954441451879314,400,31,1e-7
D06_24,1.2859631265878146,400,30,1e-7
D06_25,1.1918271202698354,600,14,1e-7
D06_26,1.3613291286396165,600,31,1e-7
D06_27,1.936673474249096,600,5,1e-7
D06_28,1.463552780650069,1000,14,1e-7
D06_29,1.4717802724215752,1000,31,1e-7
D06_3,0.5718935763179878,5,5,0.05430115054339883
D06_30,1.1725955283740224,1000,5,1e-7
D06_4,1.1122834606795737,10,14,0.022044634275046267
D06_5,1.386029353360563,10,31,0.025703681309586814
D06_6,0.5592838956649901,10,5,0.031789028861693526
D06_7,1.3526889047408521,20,14,0.010626158153165347
D06_8,1.2722227645527786,20,31,0.015208960191630976
D06_9,0.9333951543125973,20,5,0.016436972162467756
D07_1,1.228219157366314,5,32,0.03680538193672055
D07_10,1.2951811606531989,40,32,0.004642635310664577
D07_11,1.3740762954916232,40,35,0.004609382816173421
D07_12,1.3315891980814694,40,anc3,0.007787784333056022
D07_13,1.3057761927699494,60,32,0.0021332993242648445
D07_14,1.405442263613469,60,35,3.484102821421937e-4
D07_15,1.3858572836311842,60,anc3,0.0041103472442909515
D07_16,1.7305157638098334,80,32,9.243652581511717e-4
D07_17,1.567092537551509,80,35,1e-7
D07_18,1.3971159670932973,80,anc3,6.634969779990961e-4
D07_19,2.125446197159173,100,32,1e-7
D07_2,1.2543735264418627,5,35,0.032399688739572656
D07_20,1.7840325760243978,100,35,1e-7
D07_21,1.5716707883997674,100,anc3,8.388978848909794e-5
D07_22,1.7773767651528167,400,32,1e-7
D07_23,1.8123357371317823,400,35,1e-7
D07_24,1.4506545900413967,400,anc3,1e-7
D07_25,1.3766073271683603,600,32,1e-7
D07_26,1.531399034890224,600,35,1e-7
D07_27,1.2416985253091322,600,anc3,1e-7
D07_28,1.452811134322669,1000,32,1e-7
D07_29,1.9162834655200442,1000,35,1e-7
D07_3,1.2459901938202316,5,anc3,0.03318686141532847
D07_30,1.2408133928879415,1000,anc3,1e-7
D07_4,1.48106478315398,10,32,0.022130355443152
D07_5,1.3445517587288778,10,35,0.02104455763752436
D07_6,1.9410798148579669,10,anc3,0.027499225898277968
D07_7,1.7434125179979347,20,32,0.009790446082429781
D07_8,1.4405813647367798,20,35,0.007732367228608786
D07_9,1.4199494706510953,20,anc3,0.013823873216020712
D08_1,0.5325594462386032,5,32,0.04303794553207973
D08_10,1.329831226969382,40,32,0.004245704048555363
D08_11,1.4033004954872283,40,35,0.0035414187666005974
D08_12,1.1259536062104123,40,20,0.007639586720936327
D08_13,1.3759345834015895,60,32,0.002266308226707092
D08_14,1.5708337661834428,60,35,2.9693315064092973e-4
D08_15,1.3991193518693403,60,20,0.003167485584284111
D08_16,1.7721077357101764,80,32,8.490024913866616e-4
D08_17,1.775476180350645,80,35,1e-7
D08_18,1.4141288312211566,80,20,5.454378167689313e-4
D08_19,1.8568074049234404,100,32,1e-7
D08_2,1.270775971938888,5,35,0.03226561426096332
D08_20,1.8340712207398224,100,35,1e-7
D08_21,2.2568051693267788,100,20,1e-7
D08_22,2.133477440034062,400,32,1e-7
D08_23,1.7032189499232697,400,35,1e-7
D08_24,1.131984258395331,400,20,1e-7
D08_25,1.288279890515369,600,32,1e-7
D08_26,1.4681024501049966,600,35,1e-7
D08_27,1.5803355846827403,600,20,1e-7
D08_28,1.5214059032158527,1000,32,1e-7
D08_29,1.7483834469857855,1000,35,1e-7
D08_3,0.9923575478848337,5,20,0.037414086513896244
D08_30,1.3925869270673468,1000,20,1e-7
D08_4,1.2675365723275893,10,32,0.020618819158829262
D08_5,1.4785706166593873,10,35,0.020545344482846273
D08_6,1.3496265673250427,10,20,0.02544850336318653
D08_7,1.3155968536048677,20,32,0.010444220671894622
D08_8,1.1282249378277875,20,35,0.0031081949256948705
D08_9,1.2151247168859598,20,20,0.01891559195234618
D09_1,1.0286841354178953,5,14,0.03739272699100902
D09_10,1.411834946005097,40,14,0.004474867794798598
D09_11,1.1903217333437066,40,31,0.005564077148720606
D09_12,1.6343714457066487,40,3,0.004194089736840872
D09_13,1.5136670447437262,60,14,0.0023639004608629905
D09_14,1.4380342506481347,60,31,0.005479644142206793
D09_15,1.3959729030045978,60,3,0.0024570611465732474
D09_16,1.7739354579558444,80,14,8.198664277459205e-4
D09_17,2.3349136143594906,80,31,1e-7
D09_18,1.5682889598125498,80,3,3.0913808134467306e-4
D09_19,1.874592617233748,100,14,1e-7
D09_2,1.354391114729893,5,31,0.02826670766916676
D09_20,1.864947534035109,100,31,1e-7
D09_21,1.7315072277853838,100,3,1e-7
D09_22,1.9448363869036989,400,14,1e-7
D09_23,2.007530864957459,400,31,1e-7
D09_24,1.3332692243786552,400,3,1e-7
D09_25,1.1838059157629477,600,14,1e-7
D09_26,1.376017353807612,600,31,1e-7
D09_27,1.2522177686818865,600,3,1e-7
D09_28,1.423308155331297,1000,14,1e-7
D09_29,1.6625471917773087,1000,31,1e-7
D09_3,1.3586195026176737,5,3,0.03182858594645468
D09_30,1.3246383195257811,1000,3,1e-7
D09_4,1.166679819815969,10,14,0.020647849652242912
D09_5,1.3408747611905705,10,31,0.02228566104336431
D09_6,1.6937134813491193,10,3,0.020451170033879737
D09_7,1.2114815910647783,20,14,0.011216669617751704
D09_8,1.1741880054914746,20,31,0.015207788309441446
D09_9,1.7071864135471755,20,3,0.013194916907519777
D10_1,1.0339986173948028,5,19,0.03774626721127956
D10_10,1.1736487209719697,40,19,0.006885377715077705
D10_11,1.1854369562942237,40,4,0.006552448355060033
D10_12,1.4030657302965637,40,7,0.004818184689206034
D10_13,2.1216160795393217,60,19,0.0032166332933910927
D10_14,1.5130155783624966,60,4,0.005552919187595137
D10_15,1.1261733677082313,60,7,0.005346158622906399
D10_16,1.7194129685708317,80,19,0.0011727547597098565
D10_17,2.4695960274681594,80,4,7.30161361437463e-4
D10_18,1.7318342942048122,80,7,9.88951913315937e-4
D10_19,1.8884662701568082,100,19,1e-7
D10_2,0.5721290203026066,5,4,0.03257641246865978
D10_20,1.8424899725130353,100,4,1e-7
D10_21,1.8415874921207527,100,7,3.834309169915626e-5
D10_22,1.5203516253617009,400,19,1e-7
D10_23,1.9511616558233111,400,4,1e-7
D10_24,1.211395994981836,400,7,1e-7
D10_25,1.4207485836793656,600,19,1e-7
D10_26,1.6415648070631674,600,4,1e-7
D10_27,1.5988980594923974,600,7,1e-7
D10_28,1.2890319874904275,1000,19,1e-7
D10_29,1.469637471784313,1000,4,1e-7
D10_3,0.7579589310588497,5,7,0.03077649789719252
D10_30,1.253154902512826,1000,7,1e-7
D10_4,0.9106427678329188,10,19,0.024011102840060607
D10_5,0.7339620474091927,10,4,0.02440308977945714
D10_6,1.165309158800205,10,7,0.021484135532421542
D10_7,1.138341515311036,20,19,0.01055217454866661
D10_8,1.363270782185937,20,4,0.013464964036242193
D10_9,1.3925537534775776,20,7,0.011980328052632295
D11_1,1.5548519579976259,5,11,0.04258434768677551
D11_10,1.612181434386162,40,11,0.004946631056255066
D11_11,0.7962876959058088,40,27,0.011130033754299986
D11_12,1.2702361039631345,40,10,0.0066757775007000525
D11_13,1.6828047582553158,60,11,0.0028448941412212757
D11_14,1.0709320189690963,60,27,0.008031237742949136
D11_15,1.5652423065468024,60,10,0.003324561987637267
D11_16,2.3344975602592086,80,11,1e-7
D11_17,2.3975331272088987,80,27,2.0083002166394723e-4
D11_18,2.4035958546678313,80,10,2.0381785902469167e-4
D11_19,1.7936372137656087,100,anc5,1e-7
D11_2,1.1116855979304912,5,27,0.04220510927416303
D11_20,1.5064575805604468,100,27,1e-7
D11_21,2.346891631837162,100,10,1e-7
D11_22,2.121062620756665,400,11,1e-7
D11_23,2.216777941984091,400,27,1e-7
D11_24,1.3283325451398094,400,10,1e-7
D11_25,1.491693622339368,600,11,1e-7
D11_26,1.3806322554400972,600,27,1e-7
D11_27,1.578276935940781,600,10,1e-7
D11_28,1.5941517340787175,1000,11,1e-7
D11_29,1.7501618596448203,1000,27,1e-7
D11_3,0.7173425516068609,5,10,0.03526841895387925
D11_30,1.2889277878368608,1000,10,1e-7
D11_4,1.3362927285916488,10,11,0.02461569036307739
D11_5,0.6243135570184565,10,27,0.07252924753456741
D11_6,1.2189837775756127,10,10,0.024893523859480782
D11_7,1.837348578744389,20,11,0.0128681725116861
D11_8,0.945855694153975,20,27,0.018435339287032667
D11_9,1.1742915241006902,20,10,0.020253627250358733
E02_1,1.114687174286185,5,1,0.025482209244384543
E02_10,1.4252709194441067,40,1,0.003872229627742968
E02_11,1.1558946208543421,40,26,0.005592852059630999
E02_12,1.1716672094744993,40,anc4,0.008939381667952722
E02_13,1.4882530339621503,60,1,0.0028105146841827986
E02_14,1.4855461297089692,60,26,0.0052789104410425084
E02_15,1.4893186998906378,60,anc4,0.003970380743711582
E02_16,1.9706619972798405,80,1,1e-7
E02_17,2.1258550035475423,80,26,1e-7
E02_18,1.585190093987286,80,anc4,0.00130480226800707
E02_19,1.5691289699965474,100,1,1e-7
E02_2,1.2470527628380084,5,26,0.03486631294900931
E02_20,1.8664508892732152,100,26,1e-7
E02_21,2.1943932970048596,100,anc4,1.0257668940734019e-4
E02_22,1.4264480938272386,400,1,1e-7
E02_23,2.0458968213610262,400,26,1e-7
E02_24,1.8644962659710866,400,anc4,1e-7
E02_25,1.6963117941672234,600,1,1e-7
E02_26,2.09800427060752,600,26,1e-7
E02_27,2.1831141071738074,600,anc4,1e-7
E02_28,1.307529966259938,1000,1,1e-7
E02_29,1.8214837274591793,1000,26,1e-7
E02_3,1.4081574733860234,5,anc4,0.040842764892016006
E02_30,2.064391804322828,1000,anc4,1e-7
E02_4,1.1041162479717161,10,1,0.021529541561094007
E02_5,1.191623939330782,10,26,0.023567326081232326
E02_6,1.767402923829009,10,anc4,0.03269582925986713
E02_7,1.2416047962179022,20,1,0.01166771546958671
E02_8,1.5821191792186886,20,26,0.01632548545714227
E02_9,1.28044965218417,20,anc4,0.016635574381713973
E03_1,1.1010563443467247,5,25,0.02479003797355008
E03_10,1.407179655285884,40,25,0.003818029405876233
E03_11,1.4766280216399008,40,28,0.0038455563367335564
E03_12,1.250986119077611,40,30,0.002477200967216265
E03_13,1.419290644695958,60,25,0.0019092475738481
E03_14,1.5586832404961122,60,28,0.003110421369464076
E03_15,1.841733614684721,60,30,0.002728461126017562
E03_16,2.1181516868832224,80,25,1e-7
E03_17,2.380811826730438,80,28,5.891873810031888e-4
E03_18,1.9750139694026672,80,30,0.0022555058290352134
E03_19,1.759586952284905,100,25,1e-7
E03_2,0.8363272877162287,5,28,0.023674576071542174
E03_20,1.6762576679848036,100,28,1e-7
E03_21,2.1119460078273504,100,30,1e-7
E03_22,1.6303669965579284,400,25,1e-7
E03_23,1.97860237620939,400,28,1e-7
E03_24,1.8914127084110366,400,5,1e-7
E03_25,1.6942932988095485,600,25,1e-7
E03_26,1.869927529046432,600,28,1e-7
E03_27,1.3070033944201802,600,30,1e-7
E03_28,1.3292220581549414,1000,25,1e-7
E03_29,1.8276445239602606,1000,28,1e-7
E03_3,1.7835748690134088,5,30,0.042591597460044615
E03_30,1.218367972694847,1000,30,1e-7
E03_4,1.558649966771749,10,25,0.01862174217416786
E03_5,1.7146874875722988,10,28,0.026182865401412944
E03_6,1.7183807441373518,10,30,0.016235689964053567
E03_7,1.5329245553353776,20,25,0.010909028885035782
E03_8,0.9316610115983818,20,28,0.00503271615852917
E03_9,1.2934726308052138,20,30,0.008446320284809907
E04_11,1.5246894091573748,40,2,0.006353167614819233
E04_12,1.3627022131725843,40,16,0.008761801727794536
E04_14,2.0003495482722995,60,2,0.004773223828779095
E04_15,1.5059955453314857,60,16,0.002972161980786446
E04_17,2.0501905366430266,80,2,1e-7
E04_18,1.491717325682718,80,16,6.600420303272985e-4
E04_2,0.694932243002975,5,2,0.03744676602652304
E04_20,1.9689862771364148,100,2,1e-7
E04_21,2.3734334139656568,100,16,1e-7
E04_23,2.3276451386205377,400,2,1e-7
E04_24,1.7506135711876454,400,16,1e-7
E04_26,2.356602915610062,600,2,1e-7
E04_27,1.607646905399478,600,16,1e-7
E04_29,1.865995618812518,1000,2,1e-7
E04_3,1.0830334221273366,5,16,0.041097008347093025
E04_30,1.6787696334164153,1000,16,1e-7
E04_5,1.0754884510750577,10,2,0.029471387034720062
E04_6,1.9002908589342213,10,16,0.025799599272845312
E04_8,1.180605846600874,20,2,0.021141460147048242
E04_9,1.4169197833176224,20,16,0.02004684053644543
E05_1,1.3334833938015642,5,23,0.039985146334680845
E05_10,1.4999977455150053,40,23,0.004608930791424227
E05_11,1.764492876909835,40,anc2,0.005248285305503171
E05_12,1.5939691543447543,40,cc1690,0.007161370530138025
E05_13,1.513703427124211,60,23,0.0028004752684935015
E05_14,1.414518468022953,60,anc2,0.0030797217342183165
E05_15,1.6383859236553968,60,cc1690,0.0028116262159705863
E05_16,2.205693944942063,80,23,1e-7
E05_17,2.1418108594799277,80,anc2,9.915657965368014e-5
E05_18,1.5323800740473768,80,cc1690,4.280233572162455e-4
E05_19,1.9012080215837481,100,23,1e-7
E05_2,1.256064165469596,5,anc2,0.03588167725882864
E05_20,2.232070018005531,100,anc2,1e-7
E05_21,2.1272324861444845,100,cc1690,1e-7
E05_22,1.3532145175520027,400,23,1e-7
E05_23,1.5903645406780333,400,anc2,1e-7
E05_24,1.5781848960013038,400,cc1690,1e-7
E05_25,1.3731834269324323,600,23,1e-7
E05_26,1.654454741229658,600,anc2,1e-7
E05_27,1.399568444756163,600,cc1690,1e-7
E05_28,1.5862159897087338,1000,23,1e-7
E05_29,1.7775234400884807,1000,anc2,1e-7
E05_3,1.1332133154439747,5,cc1690,0.03775309970244507
E05_30,1.5252506565811585,1000,cc1690,1e-7
E05_4,1.481617784882491,10,23,0.024951146490298268
E05_5,1.1403734207877818,10,anc2,0.020805010772541134
E05_6,1.5120103666535987,10,cc1690,0.02875363709371992
E05_7,1.6419632261312387,20,23,0.015178183511263585
E05_8,1.3672301333340016,20,anc2,0.012471176548953241
E05_9,1.8471052340712188,20,cc1690,0.021304415108164564
E06_1,0.6859512196305682,5,24,0.04324163505021012
E06_10,0.849778217467388,40,24,0.011309079100492772
E06_11,1.405689134929364,40,18,0.003662901332249584
E06_12,1.3275805308003696,40,29,0.0015993167639204464
E06_13,0.8483038339969723,60,24,0.008310673986655567
E06_14,1.299199442438193,60,18,0.0041957025888254675
E06_15,1.799500315774492,60,29,0.0030757311778600747
E06_16,2.1938806219430704,80,24,3.68661332729002e-6
E06_17,2.265655529995525,80,18,2.7759752781914996e-4
E06_18,1.5931849614551958,80,29,1.8466085766611633e-4
E06_19,1.961053352473247,100,24,1e-7
E06_2,1.4346604379012247,5,18,0.029371682451562606
E06_20,2.152686797797615,100,18,1e-7
E06_21,1.9675428971137485,100,29,1e-7
E06_22,1.7788308751009434,400,24,1e-7
E06_23,1.8098263907523846,400,18,1e-7
E06_24,1.6995077342782658,400,29,1e-7
E06_25,1.373853214847378,600,24,1e-7
E06_26,1.57395300851546,600,18,1e-7
E06_27,1.4366460624402013,600,29,1e-7
E06_28,1.5562373626322306,1000,24,1e-7
E06_29,1.7982636250157182,1000,18,1e-7
E06_3,1.9180396585621886,5,29,0.03706954011711601
E06_30,1.4399049450365535,1000,29,1e-7
E06_4,0.7729709789433636,10,24,0.03561345899959279
E06_5,1.3213723463808729,10,18,0.02043681048104338
E06_6,1.291801306780459,10,29,0.010392720949258406
E06_7,0.6940758731734289,20,24,0.018084737327795322
E06_8,1.263984361140176,20,18,0.016209058336840935
E06_9,1.8469005635457743,20,29,0.006158344753652404
E07_1,1.2750747682937649,5,anc5,0.03149192354932524
E07_10,1.2033834362912956,40,anc5,0.004344446996198575
E07_11,1.740444188955832,40,17,0.0028312149116426467
E07_12,1.6199283563028746,40,15,0.007280714187827837
E07_13,1.4134995759535345,60,anc5,0.0036013223871914474
E07_14,1.8074422034180904,60,17,1e-7
E07_15,1.5483969371669504,60,15,0.0025030693398013573
E07_16,1.7396958423886797,80,anc5,0.0012944618274195075
E07_17,1.9346848586201837,80,17,1e-7
E07_18,1.704086323837018,80,15,0.0015464748297015262
E07_19,2.0619859031619923,100,11,1e-7
E07_2,1.4264468923874474,5,17,0.017776487165239354
E07_20,1.6767013434367148,100,17,1e-7
E07_21,1.8423223598284117,100,15,1e-7
E07_22,1.8395949971073267,400,anc5,1e-7
E07_23,1.9960694003707948,400,17,1e-7
E07_24,1.5498109721223439,400,15,1e-7
E07_25,1.4458957156848646,600,anc5,1e-7
E07_26,1.5476028370482526,600,17,1e-7
E07_27,1.3678321005946044,600,15,1e-7
E07_28,1.6147097139546103,1000,anc5,1e-7
E07_29,1.8092595994279308,1000,17,1e-7
E07_3,0.38116312159688315,5,15,0.03618988869307941
E07_30,1.4279247368004473,1000,15,1e-7
E07_4,1.0140102337339691,10,anc5,0.02304111664043906
E07_5,1.4033620455834603,10,17,0.015402288586659409
E07_6,1.7669968444195252,10,15,0.02598110473295468
E07_7,1.3465827715425969,20,anc5,0.01207731442022424
E07_8,1.4256379704834796,20,17,0.0033411869368749573
E07_9,1.6275689146374461,20,15,0.024941098331023346
E08_1,1.0662749985051865,5,33,0.03577068832706404
E08_10,0.9646572845579967,40,33,0.005471918377702499
E08_11,1.3498657112965937,40,9,0.006456405939416314
E08_12,1.548276263675647,40,30,0.0026639302415565535
E08_13,1.334088067645598,60,33,0.00384817449801487
E08_14,1.5021654065992833,60,9,0.00580312118477465
E08_15,1.5972414956090641,60,30,0.003699047529850931
E08_16,2.28296914614685,80,33,1e-7
E08_17,2.282642584125568,80,9,0.001209240634924894
E08_18,1.8432213745431918,80,30,0.0012634989063467815
E08_19,1.924344671669166,100,33,1e-7
E08_2,1.1050167963243964,5,9,0.032058700769563554
E08_20,2.07452125234795,100,9,1e-7
E08_21,1.6519530749542615,100,30,1e-7
E08_22,1.9464460300327748,400,33,1e-7
E08_23,1.8778563085430278,400,9,1e-7
E08_24,1.4814084736890945,400,5,1e-7
E08_25,1.434412339513796,600,33,1e-7
E08_26,1.3665465942800095,600,9,1e-7
E08_27,1.2599781230950529,600,30,1e-7
E08_28,1.4131138292161234,1000,33,1e-7
E08_29,2.161031201155038,1000,9,1e-7
E08_3,1.3441011611166307,5,30,0.035437914708975796
E08_30,1.2052497012080987,1000,30,1e-7
E08_4,1.232423789800172,10,33,0.023622710002159854
E08_5,1.0840340146933656,10,9,0.027999155912165438
E08_6,1.5615622114756404,10,30,0.0156688965210081
E08_7,1.2895387007850978,20,33,0.01139383885621857
E08_8,1.3439224162338008,20,9,0.022126695955990726
E08_9,1.7238923074761345,20,30,0.010158893535368214
E09_1,1.243913362763733,5,6,0.023496929847855615
E09_10,1.3018998069263874,40,6,0.0050717694447845844
E09_11,1.3757238300143073,40,21,1e-7
E09_12,1.2270415284610579,40,20,0.006564841143458388
E09_13,1.4576066248267028,60,6,0.004877199616532729
E09_14,1.676078729533924,60,21,1e-7
E09_15,1.3228939860255373,60,20,0.0035246276909116515
E09_16,1.9216557935123362,80,6,1e-7
E09_17,1.8091068914645627,80,21,1e-7
E09_18,1.687856504047018,80,20,6.189800430162111e-4
E09_19,1.6315310545397526,100,6,1e-7
E09_2,1.3466578057155296,5,21,0.010071491816431834
E09_20,1.837976528298947,100,21,1e-7
E09_21,2.042384067395564,100,20,1e-7
E09_22,1.9612029826964676,400,6,1e-7
E09_23,1.9973179825931333,400,21,1e-7
E09_24,1.43979297576653,400,20,1e-7
E09_25,1.3682957234824966,600,6,1e-7
E09_26,1.7748287262438855,600,21,1e-7
E09_27,1.639721571319684,600,20,1e-7
E09_28,1.5074426105562626,1000,6,1e-7
E09_29,1.8512553267877234,1000,21,1e-7
E09_3,0.7175869768152848,5,20,0.037517235922758366
E09_30,1.2502389953715387,1000,20,1e-7
E09_4,1.030120470660485,10,6,0.01931314281629974
E09_5,1.2368993970626958,10,21,0.00857494575218938
E09_6,1.4026612604303388,10,20,0.025835737569227853
E09_7,1.2283837881093373,20,6,0.010012091919564228
E09_8,1.1713407573272598,20,21,0.0014744625367551657
E09_9,1.2628518548530259,20,20,0.01921478198342863
E10_1,1.1550152861624599,5,8,0.007132871934292566
E10_10,1.1019768228365925,40,8,3.4654034450264874e-4
E10_11,1.4505499637011094,40,22,0.006155307192138291
E10_12,1.027346927895564,40,5,0.01000782760648196
E10_13,1.0956505281907065,60,8,1e-7
E10_14,1.5665354048461695,60,22,0.006356990679452474
E10_15,0.8769569970086883,60,5,0.005244163846030967
E10_16,1.7200608103348358,80,8,1e-7
E10_17,2.0808607123416496,80,22,0.0011276156544948852
E10_18,1.6876230852051743,80,5,9.655356376000796e-4
E10_19,1.8530110109240152,100,8,1e-7
E10_2,1.0906982920815214,5,22,0.0368153124617061
E10_20,1.6756040034243285,100,22,1e-7
E10_21,1.7220505535518493,100,5,5.355794020596218e-4
E10_22,1.8261618613223078,400,8,1e-7
E10_23,2.075032149527059,400,22,1e-7
E10_24,1.3971417343423402,400,30,1e-7
E10_25,1.4669305676556466,600,8,1e-7
E10_26,1.6681609927003478,600,22,1e-7
E10_27,1.7870263518349283,600,5,1e-7
E10_28,1.7270590721728343,1000,8,1e-7
E10_29,1.88671799450389,1000,22,1e-7
E10_3,0.7973441424848229,5,5,0.048459035504024556
E10_30,1.3441784447196057,1000,5,1e-7
E10_4,1.1531074270592183,10,8,0.00520008081239371
E10_5,1.410063587716133,10,22,0.024150960635786742
E10_6,0.9524825171928234,10,5,0.021767970427741506
E10_7,1.4022509781785613,20,8,0.0013547112626548362
E10_8,1.109235506561634,20,22,0.01645643144188006
E10_9,0.9398102231585741,20,5,0.016730009483967974
E11_1,0.5023771660577059,5,24,0.052266911550671764
E11_10,0.8749935562414242,40,24,0.014766030324748543
E11_11,1.434069186209745,40,18,0.005647241958067442
E11_12,1.4060859390104183,40,16,0.005765863750695843
E11_13,1.2249289127755807,60,24,0.006514606152616299
E11_14,1.790524557703866,60,18,0.004312723494271152
E11_15,1.5505882275413854,60,16,0.0016332002423395705
E11_16,2.1429650791191786,80,24,1e-7
E11_17,2.253331521589867,80,18,7.993161263314993e-4
E11_18,1.8929266426726747,80,16,3.7939636340055894e-4
E11_19,1.8738965703067003,100,24,1e-7
E11_2,1.033437404829914,5,18,0.02297374842752338
E11_20,1.7199236491282484,100,18,1e-7
E11_21,2.5877172745529915,100,16,1e-7
E11_22,2.0546745004179687,400,24,1e-7
E11_23,1.8220645035725649,400,18,1e-7
E11_24,1.3419503949229814,400,16,1e-7
E11_25,1.506496460987465,600,24,1e-7
E11_26,1.7345410284110478,600,18,1e-7
E11_27,1.4016049417752137,600,16,1e-7
E11_28,1.6656200436871733,1000,24,1e-7
E11_29,1.5119524885911992,1000,18,1e-7
E11_3,1.254435074587171,5,16,0.03363873221763584
E11_30,1.573694570559576,1000,16,1e-7
E11_4,0.9063087106714895,10,24,0.028406133469389347
E11_5,1.8719312439376081,10,18,0.02108613989802203
E11_6,1.19643598970151,10,16,0.021399663563897785
E11_7,0.7030670598786863,20,24,0.024658266328368924
E11_8,1.085121759098496,20,18,0.012261868404373592
E11_9,1.5774310771246483,20,16,0.019550031468800248
F02_1,1.0602128851400359,5,25,0.022060159096440084
F02_10,1.8217286620251592,40,25,0.0032089236921341068
F02_11,1.8771149668042506,40,28,0.009074081318889798
F02_12,1.3434520113902946,40,15,0.0073913285084492445
F02_13,1.7645996903964343,60,25,0.0014563020661526066
F02_14,1.8510678077869673,60,28,0.002473594909358974
F02_15,1.4951392487007693,60,15,0.0032613347152797845
F02_16,2.1609930338710788,80,25,1e-7
F02_17,1.7743443971143626,80,28,0.0014029607593604018
F02_18,1.403393944978135,80,15,1e-7
F02_19,1.6215860251729863,100,25,1e-7
F02_2,0.731852003330059,5,28,0.017778612972650553
F02_20,1.6138941371055788,100,28,1e-7
F02_21,1.5814005527483463,100,15,1e-7
F02_22,1.6053634507905055,400,25,1e-7
F02_23,1.8932595709769795,400,28,1e-7
F02_24,1.67847401620232,400,15,1e-7
F02_25,1.470997837910654,600,25,1e-7
F02_26,1.6580505231767966,600,28,1e-7
F02_27,1.2943483315219468,600,15,1e-7
F02_28,1.2590796102454838,1000,25,1e-7
F02_29,1.9055899155241929,1000,28,1e-7
F02_3,0.4585881835367348,5,15,0.041709363845691044
F02_30,1.7612619876882452,1000,15,1e-7
F02_4,1.3733571055681542,10,25,0.016925385905103597
F02_5,1.6574323511359137,10,28,0.02203919469074864
F02_6,1.65470501495797,10,15,0.038887932643620386
F02_7,1.4611474920265355,20,25,0.010112801110249306
F02_8,0.945852073055298,20,28,0.004637157562881989
F02_9,1.209474375710667,20,15,0.013759258737040522
F03_1,1.2661845323465195,5,19,0.0320647633907752
F03_10,0.9112060275965498,40,19,0.006008490430076897
F03_11,1.1282642385207067,40,4,0.006409079753295497
F03_12,1.3356239409140573,40,7,0.004574721227807158
F03_13,1.2379123772932386,60,19,0.0049528393844132925
F03_14,1.4968708138296414,60,4,0.0053761416936160605
F03_15,1.636634566643462,60,7,0.003903044626853021
F03_16,1.8477176259246062,80,19,3.84566075382228e-4
F03_17,2.21204309427202,80,4,1e-7
F03_18,1.47426104391168,80,7,0.0013407876857407135
F03_19,1.487614522078049,100,19,1e-7
F03_2,0.9939799005564793,5,4,0.03756139419195973
F03_20,2.3247904425181827,100,4,1e-7
F03_21,1.7698200052182809,100,7,1.087960867862682e-4
F03_22,1.344303947022476,400,19,1e-7
F03_23,1.969910292323297,400,4,1e-7
F03_24,1.844494479064098,400,7,1e-7
F03_25,1.0583779799720063,600,19,1e-7
F03_26,2.3141772877699847,600,4,1e-7
F03_27,1.6577869214542398,600,7,1e-7
F03_28,1.3038030709283601,1000,19,1e-7
F03_29,1.8012400925477567,1000,4,1e-7
F03_3,1.2461196925111566,5,7,0.03512896345665732
F03_30,1.2239312008427505,1000,7,1e-7
F03_4,1.0663261605799481,10,19,0.023950216525143682
F03_5,0.9347861116484368,10,4,0.025931180062593626
F03_6,0.8602361130568785,10,7,0.017812839934711597
F03_7,1.3187845547521015,20,19,0.012977973905867971
F03_8,1.0702540644438883,20,4,0.017858374363103245
F03_9,1.7185363527255122,20,7,0.010858709553515646
F04_1,1.5750392190741294,5,6,0.024323062649260645
F04_10,1.1161369656680526,40,6,0.005614329997766122
F04_11,1.394011575693008,40,21,1e-7
F04_12,1.3866066186551225,40,29,0.002780047953785269
F04_13,1.6578171982373122,60,6,0.0057394554881578085
F04_14,1.6801269356248805,60,21,1e-7
F04_15,1.6520371781582477,60,29,0.004121557700543079
F04_16,1.659294189628432,80,6,1e-7
F04_17,1.7924060222072553,80,21,1e-7
F04_18,1.8128627178801804,80,29,0.002735844180149106
F04_19,1.4060480621036187,100,6,1e-7
F04_2,1.4709089737905663,5,21,0.0074984845960710126
F04_20,1.938695225173276,100,21,1e-7
F04_21,1.6607726759958872,100,29,6.190400080859149e-4
F04_22,1.4360044242086325,400,6,1e-7
F04_23,2.0303540063722494,400,21,1e-7
F04_24,1.619452778211064,400,29,1e-7
F04_25,1.1799555420368188,600,6,1e-7
F04_26,1.9150248693550445,600,21,1e-7
F04_27,1.140414878397691,600,29,1e-7
F04_28,1.2234698072675825,1000,6,1e-7
F04_29,1.6767501001452145,1000,21,1e-7
F04_3,1.580329649024681,5,29,0.0382849068739325
F04_30,1.1616432759281115,1000,29,1e-7
F04_4,1.3812400455534453,10,6,0.01961722722440693
F04_5,1.347321587656735,10,21,0.004910619393521579
F04_6,1.2180645585632255,10,29,0.012493037137892434
F04_7,1.2495592893201963,20,6,0.009352673214163136
F04_8,1.4613268922939193,20,21,9.000405964352016e-4
F04_9,1.7579513913860878,20,29,0.0046197764652578886
F05_1,1.0162563381994996,5,anc5,0.028698153399869693
F05_10,0.9875350369665754,40,anc5,0.004891608473203325
F05_11,1.9636706307565497,40,17,0.0024695210163416526
F05_12,1.0888252611082507,40,anc3,0.007230411083588178
F05_13,1.5651329943881422,60,anc5,0.0035915340981054673
F05_14,2.0483335867344854,60,17,7.805994146586244e-4
F05_15,1.6633713660497078,60,anc3,0.004283874663812049
F05_16,2.393032205027263,80,anc5,2.938046128925266e-4
F05_17,2.081916328201191,80,17,1e-7
F05_18,1.4216054486552214,80,anc3,0.0012296157550203306
F05_19,1.4629176756325906,100,11,3.9617591576496144e-4
F05_2,1.4407918851911707,5,17,0.015803020510567867
F05_20,1.8900394054462724,100,17,1e-7
F05_21,1.6027593040721975,100,anc3,6.631382554505538e-4
F05_22,1.6490565639286379,400,anc5,1e-7
F05_23,1.9891052005050993,400,17,1e-7
F05_24,1.4548282556566734,400,anc3,1e-7
F05_25,1.2478278475687843,600,anc5,1e-7
F05_26,1.4814319156729552,600,17,1e-7
F05_27,1.2860752704512577,600,anc3,1e-7
F05_28,1.420303809772466,1000,anc5,1e-7
F05_29,1.6815576674351032,1000,17,1e-7
F05_3,0.8668901933151246,5,anc3,0.035600222973361226
F05_30,1.3357360021754292,1000,anc3,1e-7
F05_4,1.2355170154161665,10,anc5,0.022512756212593483
F05_5,1.7982622282358232,10,17,0.014758123460959553
F05_6,1.8597173797450979,10,anc3,0.028970953747509545
F05_7,1.2556132828232525,20,anc5,0.010835455430764052
F05_8,2.0542686393782383,20,17,0.005119506921870367
F05_9,1.1522932557097905,20,anc3,0.020533386423203535
F06_1,1.2549415186302206,5,8,0.006755191105381723
F06_10,1.0280120050998776,40,8,3.5904820869625016e-4
F06_11,1.5823367995831443,40,22,0.004419893568460898
F06_12,1.4133185913288693,40,anc4,0.006388339809950224
F06_13,1.3582897046872637,60,8,1.79388768774079e-4
F06_14,1.189840006906367,60,22,0.0031578753328395073
F06_15,1.4773747407980162,60,anc4,0.0035043182706173664
F06_16,1.7136689577326178,80,8,1e-7
F06_17,2.2964255266363316,80,22,1e-7
F06_18,1.648692612614479,80,anc4,9.849250140266804e-4
F06_19,1.783907372826399,100,8,1e-7
F06_2,1.2243013080305811,5,22,0.03655151246235516
F06_20,1.9771638859718303,100,22,1e-7
F06_21,1.8992921608655489,100,anc4,1.35818905115527e-4
F06_22,1.2547883871650516,400,8,1e-7
F06_23,1.9900156697044635,400,22,1e-7
F06_24,1.379183218514051,400,anc4,1e-7
F06_25,1.6734443515131605,600,8,1e-7
F06_26,1.1906993834344581,600,22,1e-7
F06_27,1.3109750831193758,600,anc4,1e-7
F06_28,1.631873316240579,1000,8,1e-7
F06_29,1.705587110018348,1000,22,1e-7
F06_3,1.1636496914538421,5,anc4,0.03541328881772067
F06_30,1.2930002134967702,1000,anc4,1e-7
F06_4,1.2374612211239722,10,8,0.0026716981701376424
F06_5,1.6823851692124443,10,22,0.02166485151169498
F06_6,1.536691434507792,10,anc4,0.02889464194295983
F06_7,1.3569954140120681,20,8,0.0015222493828878606
F06_8,1.3475418214805766,20,22,0.01289727918878855
F06_9,1.8646864718926548,20,anc4,0.019521456812774268
F07_1,0.8381410307150006,5,32,0.032886944118616215
F07_10,1.2294043823806995,40,32,0.004536042504706867
F07_11,1.2326023745202486,40,35,0.003075342275539094
F07_12,1.3939795548421254,40,cc1690,0.004518921920816293
F07_13,1.290893558939177,60,32,0.0022057566275031867
F07_14,1.3953775007975062,60,35,5.434759242390092e-4
F07_15,1.4993911050651676,60,cc1690,0.002406756510855158
F07_16,2.3163559756385554,80,32,1e-7
F07_17,1.5271286794709233,80,35,1e-7
F07_18,1.6100744527695394,80,cc1690,2.630961439324528e-4
F07_19,1.8773779650147524,100,32,1e-7
F07_2,1.5660313939618116,5,35,0.022483082924704845
F07_20,1.8741356134370577,100,35,1e-7
F07_21,1.7583835909133154,100,cc1690,1e-7
F07_22,1.9831634232366158,400,32,1e-7
F07_23,1.7224564207020447,400,35,1e-7
F07_24,1.2142122191842661,400,cc1690,1e-7
F07_25,1.300935482235689,600,32,1e-7
F07_26,1.6210212097030354,600,35,1e-7
F07_27,1.313383300720837,600,cc1690,1e-7
F07_28,1.3839923470456221,1000,32,1e-7
F07_29,1.7136352879325287,1000,35,1e-7
F07_3,1.1051363541123693,5,cc1690,0.03539658532019921
F07_30,1.2224469794239914,1000,cc1690,1e-7
F07_4,1.4312855730781369,10,32,0.021413684154446444
F07_5,1.3666627721027662,10,35,0.0208020784549242
F07_6,1.3681342056491685,10,cc1690,0.02678008094601148
F07_7,1.5552886976851272,20,32,0.01115072025257951
F07_8,1.1125081279657418,20,35,0.0064179520380237415
F07_9,1.6042998121629122,20,cc1690,0.018541152707992645
F08_1,1.2480601312045183,5,14,0.027473440289818355
F08_10,1.2356554004422287,40,14,0.0040363378634700724
F08_11,1.5306795037450378,40,31,0.005562951610240978
F08_12,1.3273919679739519,40,10,0.004482904215807051
F08_13,1.32850968529038,60,14,0.002310987264466993
F08_14,1.249854053291376,60,31,0.0033705764993125446
F08_15,1.5222442145070185,60,10,0.0026752245095041016
F08_16,1.9412374379798445,80,14,1e-7
F08_17,2.056731917682877,80,31,1e-7
F08_18,1.6383207193206673,80,10,5.467873085313118e-4
F08_19,1.709871328903136,100,14,1e-7
F08_2,1.2823980934062393,5,31,0.02531704319820442
F08_20,1.5700337975393053,100,31,1e-7
F08_21,1.468181026178565,100,10,1e-7
F08_22,1.8734049261399908,400,14,1e-7
F08_23,1.5683080696744816,400,31,1e-7
F08_24,1.5147845226674974,400,10,1e-7
F08_25,1.2774082257831254,600,14,1e-7
F08_26,1.4045847229383321,600,31,1e-7
F08_27,1.454863590289932,600,10,1e-7
F08_28,1.3741426317982859,1000,14,1e-7
F08_29,1.4813541252476063,1000,31,1e-7
F08_3,0.8269832474164674,5,10,0.03542685746565516
F08_30,1.2807029283672142,1000,10,1e-7
F08_4,0.8928067867850201,10,14,0.01801879698614835
F08_5,1.3743219682457082,10,31,0.021413237162225346
F08_6,1.599554613637374,10,10,0.02311575129990278
F08_7,1.0400477692983137,20,14,0.010864664093202425
F08_8,1.2509870065656756,20,31,0.012228189193461223
F08_9,1.2714826680388933,20,10,0.012659294572517143
F09_11,1.6214178618776367,40,2,0.006336877142304301
F09_12,1.5890396832176579,40,3,0.0026963901693052247
F09_14,1.3382327729208408,60,2,0.005408911846113102
F09_15,1.677131698128809,60,3,0.0011709513169242069
F09_17,2.4257166309728104,80,2,0.001052930376354625
F09_18,1.6314099420353225,80,3,3.4413489882297596e-4
F09_2,1.013388397189174,5,2,0.02967739642938934
F09_20,1.6965742763185023,100,2,1e-7
F09_21,1.6049612914891627,100,3,1e-7
F09_23,2.6161019366034974,400,2,1e-7
F09_24,1.2112874725057834,400,3,1e-7
F09_26,1.5521564579190579,600,2,1e-7
F09_27,1.2562594117976842,600,3,1e-7
F09_29,1.84915929262552,1000,2,1e-7
F09_3,1.3204373092946207,5,3,0.02864021763949691
F09_30,1.1596741963815975,1000,3,1e-7
F09_5,1.2617845787435094,10,2,0.023768035785859395
F09_6,2.2267631944546156,10,3,0.017624485057129435
F09_8,1.6866140227320896,20,2,0.013781590813147084
F09_9,1.7261808138339423,20,3,0.011171779987099175
F10_1,1.3578401093715176,5,23,0.030978535421349544
F10_10,1.696831115437871,40,23,0.003925086236529276
F10_11,1.4723658076710344,40,anc2,0.00562317224423669
F10_13,1.5579559214610748,60,23,0.0017392453921459441
F10_14,1.4219034441378666,60,anc2,0.0044379993356789445
F10_16,2.3681719847662803,80,23,1e-7
F10_17,2.1126161455075896,80,anc2,4.318797149371207e-4
F10_19,1.547859266886978,100,23,1e-7
F10_2,1.223317177703742,5,anc2,0.03073012773929362
F10_20,1.7663218115213055,100,anc2,1e-7
F10_22,1.6880152910147854,400,23,1e-7
F10_23,1.6933268200551554,400,anc2,1e-7
F10_25,1.2235371149226153,600,23,1e-7
F10_26,1.3598836348692402,600,anc2,1e-7
F10_28,1.6516826304595773,1000,23,1e-7
F10_29,1.7585465741286517,1000,anc2,1e-7
F10_4,1.6338790352050419,10,23,0.02059211157386713
F10_5,1.1814928730999028,10,anc2,0.017070878256474204
F10_7,1.3614895554147222,20,23,0.012174297848491887
F10_8,1.5626625088327462,20,anc2,0.011272031959586384
F11_1,0.6105450642977828,5,1,0.026942228792584816
F11_10,1.4939816805758146,40,1,0.004083793682707485
F11_11,1.2452002865350709,40,26,0.00510892302899375
F11_13,1.5901183091311895,60,1,0.0028425832400311075
F11_14,1.804528489431272,60,26,0.00545832408845796
F11_16,1.8638354998443605,80,1,7.346217382200768e-4
F11_17,2.439961155960111,80,26,0.0018438344170759614
F11_19,1.4812418703582724,100,1,3.2843379762299336e-5
F11_2,0.9861343450272999,5,26,0.028610114220492425
F11_20,1.9056285115880858,100,26,1e-7
F11_22,1.5246388477065829,400,1,1e-7
F11_23,1.795142534259739,400,26,1e-7
F11_25,1.267502896174413,600,1,1e-7
F11_26,1.7293175963045402,600,26,1e-7
F11_28,1.5864775962669146,1000,1,1e-7
F11_29,1.60396532194167,1000,26,1e-7
F11_4,1.0264462992261523,10,1,0.01917909080766783
F11_5,1.2843497919870805,10,26,0.018212229270425623
F11_7,1.2282102263993389,20,1,0.010337966906623404
F11_8,1.3112058203289942,20,26,0.011576766155246672
G02_1,1.5372293455333694,5,11,0.03199050204159144
G02_10,1.3641595363997654,40,11,0.005032519925883065
G02_11,0.8557281675164078,40,27,0.016316743686049438
G02_13,1.7092361474479012,60,11,0.002121099532844738
G02_14,0.8446239734134751,60,27,0.011963694302706654
G02_16,2.182183501828803,80,11,7.723289885308785e-5
G02_17,1.2363667740523525,80,27,0.0011246685365665018
G02_19,1.5290185955204965,100,anc5,1e-7
G02_2,1.0903248087334148,5,27,0.03943997099596988
G02_20,1.6249974980697979,100,27,0.0013638185508802743
G02_22,1.1840726526091807,400,11,1e-7
G02_23,2.540321951799206,400,27,1e-7
G02_25,1.9496165776492256,600,11,1e-7
G02_26,1.9257318823109106,600,27,1e-7
G02_28,1.8245984992300375,1000,11,1e-7
G02_29,1.4675962512153597,1000,27,1e-7
G02_4,1.5400132940112892,10,11,0.027076405075611137
G02_5,0.6229776993941947,10,27,0.043340290445088914
G02_7,1.5022513712242267,20,11,0.01260700635514264
G02_8,0.9115472396002279,20,27,0.017171589804182003
G03_1,1.1877583134202625,5,33,0.02851939906518786
G03_10,1.506234597140075,40,33,0.0050797814620326415
G03_11,1.3840546879801912,40,9,0.006288736845073408
G03_13,1.3255291297053442,60,33,0.0033102895532644318
G03_14,1.4556139627927247,60,9,0.0037231553694066334
G03_16,2.218323687266065,80,33,5.150357598437706e-6
G03_17,1.7793634045860303,80,9,3.3786740875513526e-4
G03_19,1.735312123121878,100,33,1e-7
G03_2,0.8766807360033883,5,9,0.03633296871387265
G03_20,2.0530297274951237,100,9,1e-7
G03_22,1.6280557461987781,400,33,1e-7
G03_23,1.8883028952316347,400,9,1e-7
G03_25,1.2078658544583696,600,33,1e-7
G03_26,1.9016397360727053,600,9,1e-7
G03_28,1.4187168720932744,1000,33,1e-7
G03_29,1.8272412587806597,1000,9,1e-7
G03_4,1.5880109392979385,10,33,0.02487744602214865
G03_5,1.1237344610407813,10,9,0.03447510251976406
G03_7,1.2487376697099921,20,33,0.010454094734482519
G03_8,1.2641382937572996,20,9,0.014544172664568403
